service,event,endpoint,method,user_id,ip,status_code,latency_ms,timestamp,user,session_id,commit_hash,filename,mime_type,email,query,duration_ms,level
api-gateway,api_request,/api/v1/products/456,GET,user123,203.0.113.50,200.0,45.0,2025-09-02 10:00:02,,,,,,,,,
auth-server,jwt_refresh,,,,,,,2025-09-02 10:00:25,jane.doe,abcde12345,,,,,,,
auth-server,jwt_refresh,,,,,,,2025-09-02 10:00:44,jane.doe,abcde12345,,,,,,,
auth-server,login_success,,,,203.0.113.10,,,2025-09-02 10:01:00,jane.doe,,,,,,,,
auth-server,jwt_refresh,,,,,,,2025-09-02 10:01:21,jane.doe,abcde12345,,,,,,,
ci-cd-pipeline,code_deployment,,,,,,,2025-09-02 10:01:44,jane.doe,,abc123def,,,,,,
file-service,file_upload,,,,,,,2025-09-02 10:02:00,bob,,,profile.png,image/png,,,,
api-gateway,api_request,/api/v1/products/456,GET,user123,203.0.113.50,200.0,45.0,2025-09-02 10:02:20,,,,,,,,,
auth-server,login_success,,,,203.0.113.10,,,2025-09-02 10:02:44,jane.doe,,,,,,,,
api-gateway,api_request,/api/v1/products/456,GET,user123,203.0.113.50,200.0,45.0,2025-09-02 10:03:00,,,,,,,,,
ci-cd-pipeline,code_deployment,,,,,,,2025-09-02 10:03:21,jane.doe,,abc123def,,,,,,
api-auth,password_reset_request,,,,,,,2025-09-02 10:03:40,,,,,,john.smith@example.com,,,
ci-cd-pipeline,code_deployment,,,,,,,2025-09-02 10:04:00,jane.doe,,abc123def,,,,,,
ci-cd-pipeline,code_deployment,,,,,,,2025-09-02 10:04:23,jane.doe,,abc123def,,,,,,
ci-cd-pipeline,code_deployment,,,,,,,2025-09-02 10:04:44,jane.doe,,abc123def,,,,,,
auth-server,jwt_refresh,,,,,,,2025-09-02 10:05:05,jane.doe,abcde12345,,,,,,,
file-service,file_upload,,,,,,,2025-09-02 10:05:24,bob,,,profile.png,image/png,,,,
auth-server,jwt_refresh,,,,,,,2025-09-02 10:05:40,jane.doe,abcde12345,,,,,,,
db-monitor,query_executed,,,,,,,2025-09-02 10:06:04,,,,,,,SELECT * FROM products WHERE category = 'electronics',12.0,
auth-server,jwt_refresh,,,,,,,2025-09-02 10:06:22,jane.doe,abcde12345,,,,,,,
auth-server,login_success,,,,203.0.113.10,,,2025-09-02 10:06:42,jane.doe,,,,,,,,
db-monitor,query_executed,,,,,,,2025-09-02 10:07:00,,,,,,,SELECT * FROM products WHERE category = 'electronics',12.0,
file-service,file_upload,,,,,,,2025-09-02 10:07:21,bob,,,profile.png,image/png,,,,
app-server,checkout_request,/api/v1/checkout,,,,200.0,,2025-09-02 10:07:40,,,,,,,,,INFO
api-gateway,api_request,/api/v1/products/456,GET,user123,203.0.113.50,200.0,45.0,2025-09-02 10:08:03,,,,,,,,,
app-server,checkout_request,/api/v1/checkout,,,,200.0,,2025-09-02 10:08:21,,,,,,,,,INFO
file-service,file_upload,,,,,,,2025-09-02 10:08:44,bob,,,profile.png,image/png,,,,
app-server,checkout_request,/api/v1/checkout,,,,200.0,,2025-09-02 10:09:01,,,,,,,,,INFO
auth-server,jwt_refresh,,,,,,,2025-09-02 10:09:25,jane.doe,abcde12345,,,,,,,
auth-server,login_success,,,,203.0.113.10,,,2025-09-02 10:09:43,jane.doe,,,,,,,,
api-auth,password_reset_request,,,,,,,2025-09-02 10:10:01,,,,,,john.smith@example.com,,,
api-gateway,api_request,/api/v1/products/456,GET,user123,203.0.113.50,200.0,45.0,2025-09-02 10:10:21,,,,,,,,,
ci-cd-pipeline,code_deployment,,,,,,,2025-09-02 10:10:43,jane.doe,,abc123def,,,,,,
file-service,file_upload,,,,,,,2025-09-02 10:11:03,bob,,,profile.png,image/png,,,,
app-server,checkout_request,/api/v1/checkout,,,,200.0,,2025-09-02 10:11:23,,,,,,,,,INFO
api-auth,password_reset_request,,,,,,,2025-09-02 10:11:44,,,,,,john.smith@example.com,,,
app-server,checkout_request,/api/v1/checkout,,,,200.0,,2025-09-02 10:12:05,,,,,,,,,INFO
ci-cd-pipeline,code_deployment,,,,,,,2025-09-02 10:12:23,jane.doe,,abc123def,,,,,,
auth-server,login_success,,,,203.0.113.10,,,2025-09-02 10:12:42,jane.doe,,,,,,,,
auth-server,login_success,,,,203.0.113.10,,,2025-09-02 10:13:02,jane.doe,,,,,,,,
file-service,file_upload,,,,,,,2025-09-02 10:13:20,bob,,,profile.png,image/png,,,,
app-server,checkout_request,/api/v1/checkout,,,,200.0,,2025-09-02 10:13:41,,,,,,,,,INFO
auth-server,jwt_refresh,,,,,,,2025-09-02 10:14:04,jane.doe,abcde12345,,,,,,,
auth-server,login_success,,,,203.0.113.10,,,2025-09-02 10:14:23,jane.doe,,,,,,,,
api-gateway,api_request,/api/v1/products/456,GET,user123,203.0.113.50,200.0,45.0,2025-09-02 10:14:42,,,,,,,,,
api-auth,password_reset_request,,,,,,,2025-09-02 10:15:01,,,,,,john.smith@example.com,,,
ci-cd-pipeline,code_deployment,,,,,,,2025-09-02 10:15:25,jane.doe,,abc123def,,,,,,
auth-server,login_success,,,,203.0.113.10,,,2025-09-02 10:15:43,jane.doe,,,,,,,,
ci-cd-pipeline,code_deployment,,,,,,,2025-09-02 10:16:03,jane.doe,,abc123def,,,,,,
ci-cd-pipeline,code_deployment,,,,,,,2025-09-02 10:16:22,jane.doe,,abc123def,,,,,,
app-server,checkout_request,/api/v1/checkout,,,,200.0,,2025-09-02 10:16:41,,,,,,,,,INFO
file-service,file_upload,,,,,,,2025-09-02 10:17:04,bob,,,profile.png,image/png,,,,
api-auth,password_reset_request,,,,,,,2025-09-02 10:17:20,,,,,,john.smith@example.com,,,
db-monitor,query_executed,,,,,,,2025-09-02 10:17:45,,,,,,,SELECT * FROM products WHERE category = 'electronics',12.0,
db-monitor,query_executed,,,,,,,2025-09-02 10:18:03,,,,,,,SELECT * FROM products WHERE category = 'electronics',12.0,
api-auth,password_reset_request,,,,,,,2025-09-02 10:18:22,,,,,,john.smith@example.com,,,
api-gateway,api_request,/api/v1/products/456,GET,user123,203.0.113.50,200.0,45.0,2025-09-02 10:18:42,,,,,,,,,
app-server,checkout_request,/api/v1/checkout,,,,200.0,,2025-09-02 10:19:03,,,,,,,,,INFO
ci-cd-pipeline,code_deployment,,,,,,,2025-09-02 10:19:21,jane.doe,,abc123def,,,,,,
ci-cd-pipeline,code_deployment,,,,,,,2025-09-02 10:19:43,jane.doe,,abc123def,,,,,,
app-server,checkout_request,/api/v1/checkout,,,,200.0,,2025-09-02 10:20:05,,,,,,,,,INFO
api-auth,password_reset_request,,,,,,,2025-09-02 10:20:23,,,,,,john.smith@example.com,,,
app-server,checkout_request,/api/v1/checkout,,,,200.0,,2025-09-02 10:20:41,,,,,,,,,INFO
ci-cd-pipeline,code_deployment,,,,,,,2025-09-02 10:21:01,jane.doe,,abc123def,,,,,,
ci-cd-pipeline,code_deployment,,,,,,,2025-09-02 10:21:23,jane.doe,,abc123def,,,,,,
api-gateway,api_request,/api/v1/products/456,GET,user123,203.0.113.50,200.0,45.0,2025-09-02 10:21:45,,,,,,,,,
auth-server,login_success,,,,203.0.113.10,,,2025-09-02 10:22:01,jane.doe,,,,,,,,
file-service,file_upload,,,,,,,2025-09-02 10:22:21,bob,,,profile.png,image/png,,,,
ci-cd-pipeline,code_deployment,,,,,,,2025-09-02 10:22:43,jane.doe,,abc123def,,,,,,
app-server,checkout_request,/api/v1/checkout,,,,200.0,,2025-09-02 10:23:03,,,,,,,,,INFO
db-monitor,query_executed,,,,,,,2025-09-02 10:23:24,,,,,,,SELECT * FROM products WHERE category = 'electronics',12.0,
api-auth,password_reset_request,,,,,,,2025-09-02 10:23:41,,,,,,john.smith@example.com,,,
auth-server,jwt_refresh,,,,,,,2025-09-02 10:24:05,jane.doe,abcde12345,,,,,,,
api-auth,password_reset_request,,,,,,,2025-09-02 10:24:22,,,,,,john.smith@example.com,,,
ci-cd-pipeline,code_deployment,,,,,,,2025-09-02 10:24:42,jane.doe,,abc123def,,,,,,
file-service,file_upload,,,,,,,2025-09-02 10:25:02,bob,,,profile.png,image/png,,,,
file-service,file_upload,,,,,,,2025-09-02 10:25:23,bob,,,profile.png,image/png,,,,
auth-server,login_success,,,,203.0.113.10,,,2025-09-02 10:25:41,jane.doe,,,,,,,,
api-gateway,api_request,/api/v1/products/456,GET,user123,203.0.113.50,200.0,45.0,2025-09-02 10:26:05,,,,,,,,,
file-service,file_upload,,,,,,,2025-09-02 10:26:24,bob,,,profile.png,image/png,,,,
auth-server,login_success,,,,203.0.113.10,,,2025-09-02 10:26:41,jane.doe,,,,,,,,
db-monitor,query_executed,,,,,,,2025-09-02 10:27:03,,,,,,,SELECT * FROM products WHERE category = 'electronics',12.0,
auth-server,jwt_refresh,,,,,,,2025-09-02 10:27:20,jane.doe,abcde12345,,,,,,,
api-auth,password_reset_request,,,,,,,2025-09-02 10:27:43,,,,,,john.smith@example.com,,,
auth-server,login_success,,,,203.0.113.10,,,2025-09-02 10:28:04,jane.doe,,,,,,,,
api-gateway,api_request,/api/v1/products/456,GET,user123,203.0.113.50,200.0,45.0,2025-09-02 10:28:22,,,,,,,,,
app-server,checkout_request,/api/v1/checkout,,,,200.0,,2025-09-02 10:28:43,,,,,,,,,INFO
auth-server,jwt_refresh,,,,,,,2025-09-02 10:29:04,jane.doe,abcde12345,,,,,,,
auth-server,jwt_refresh,,,,,,,2025-09-02 10:29:22,jane.doe,abcde12345,,,,,,,
app-server,checkout_request,/api/v1/checkout,,,,200.0,,2025-09-02 10:29:41,,,,,,,,,INFO
ci-cd-pipeline,code_deployment,,,,,,,2025-09-02 10:30:02,jane.doe,,abc123def,,,,,,
ci-cd-pipeline,code_deployment,,,,,,,2025-09-02 10:30:25,jane.doe,,abc123def,,,,,,
auth-server,login_success,,,,203.0.113.10,,,2025-09-02 10:30:43,jane.doe,,,,,,,,
auth-server,jwt_refresh,,,,,,,2025-09-02 10:31:00,jane.doe,abcde12345,,,,,,,
auth-server,jwt_refresh,,,,,,,2025-09-02 10:31:23,jane.doe,abcde12345,,,,,,,
api-gateway,api_request,/api/v1/products/456,GET,user123,203.0.113.50,200.0,45.0,2025-09-02 10:31:44,,,,,,,,,
api-auth,password_reset_request,,,,,,,2025-09-02 10:32:03,,,,,,john.smith@example.com,,,
auth-server,login_success,,,,203.0.113.10,,,2025-09-02 10:32:20,jane.doe,,,,,,,,
api-gateway,api_request,/api/v1/products/456,GET,user123,203.0.113.50,200.0,45.0,2025-09-02 10:32:44,,,,,,,,,
ci-cd-pipeline,code_deployment,,,,,,,2025-09-02 10:33:03,jane.doe,,abc123def,,,,,,
app-server,checkout_request,/api/v1/checkout,,,,200.0,,2025-09-02 10:33:22,,,,,,,,,INFO
api-auth,password_reset_request,,,,,,,2025-09-02 10:33:41,,,,,,john.smith@example.com,,,
api-gateway,api_request,/api/v1/products/456,GET,user123,203.0.113.50,200.0,45.0,2025-09-02 10:34:02,,,,,,,,,
app-server,checkout_request,/api/v1/checkout,,,,200.0,,2025-09-02 10:34:23,,,,,,,,,INFO
api-auth,password_reset_request,,,,,,,2025-09-02 10:34:40,,,,,,john.smith@example.com,,,
api-gateway,api_request,/api/v1/products/456,GET,user123,203.0.113.50,200.0,45.0,2025-09-02 10:35:03,,,,,,,,,
auth-server,jwt_refresh,,,,,,,2025-09-02 10:35:23,jane.doe,abcde12345,,,,,,,
auth-server,jwt_refresh,,,,,,,2025-09-02 10:35:40,jane.doe,abcde12345,,,,,,,
file-service,file_upload,,,,,,,2025-09-02 10:36:01,bob,,,profile.png,image/png,,,,
file-service,file_upload,,,,,,,2025-09-02 10:36:25,bob,,,profile.png,image/png,,,,
api-gateway,api_request,/api/v1/products/456,GET,user123,203.0.113.50,200.0,45.0,2025-09-02 10:36:43,,,,,,,,,
app-server,checkout_request,/api/v1/checkout,,,,200.0,,2025-09-02 10:37:04,,,,,,,,,INFO
db-monitor,query_executed,,,,,,,2025-09-02 10:37:24,,,,,,,SELECT * FROM products WHERE category = 'electronics',12.0,
api-auth,password_reset_request,,,,,,,2025-09-02 10:37:40,,,,,,john.smith@example.com,,,
file-service,file_upload,,,,,,,2025-09-02 10:38:04,bob,,,profile.png,image/png,,,,
app-server,checkout_request,/api/v1/checkout,,,,200.0,,2025-09-02 10:38:21,,,,,,,,,INFO
auth-server,jwt_refresh,,,,,,,2025-09-02 10:38:44,jane.doe,abcde12345,,,,,,,
api-gateway,api_request,/api/v1/products/456,GET,user123,203.0.113.50,200.0,45.0,2025-09-02 10:39:04,,,,,,,,,
api-gateway,api_request,/api/v1/products/456,GET,user123,203.0.113.50,200.0,45.0,2025-09-02 10:39:23,,,,,,,,,
api-gateway,api_request,/api/v1/products/456,GET,user123,203.0.113.50,200.0,45.0,2025-09-02 10:39:44,,,,,,,,,
db-monitor,query_executed,,,,,,,2025-09-02 10:40:00,,,,,,,SELECT * FROM products WHERE category = 'electronics',12.0,
file-service,file_upload,,,,,,,2025-09-02 10:40:24,bob,,,profile.png,image/png,,,,
api-auth,password_reset_request,,,,,,,2025-09-02 10:40:43,,,,,,john.smith@example.com,,,
ci-cd-pipeline,code_deployment,,,,,,,2025-09-02 10:41:03,jane.doe,,abc123def,,,,,,
app-server,checkout_request,/api/v1/checkout,,,,200.0,,2025-09-02 10:41:23,,,,,,,,,INFO
file-service,file_upload,,,,,,,2025-09-02 10:41:44,bob,,,profile.png,image/png,,,,
db-monitor,query_executed,,,,,,,2025-09-02 10:42:03,,,,,,,SELECT * FROM products WHERE category = 'electronics',12.0,
auth-server,login_success,,,,203.0.113.10,,,2025-09-02 10:42:23,jane.doe,,,,,,,,
app-server,checkout_request,/api/v1/checkout,,,,200.0,,2025-09-02 10:42:44,,,,,,,,,INFO
db-monitor,query_executed,,,,,,,2025-09-02 10:43:01,,,,,,,SELECT * FROM products WHERE category = 'electronics',12.0,
file-service,file_upload,,,,,,,2025-09-02 10:43:21,bob,,,profile.png,image/png,,,,
auth-server,jwt_refresh,,,,,,,2025-09-02 10:43:40,jane.doe,abcde12345,,,,,,,
app-server,checkout_request,/api/v1/checkout,,,,200.0,,2025-09-02 10:44:01,,,,,,,,,INFO
file-service,file_upload,,,,,,,2025-09-02 10:44:21,bob,,,profile.png,image/png,,,,
auth-server,jwt_refresh,,,,,,,2025-09-02 10:44:43,jane.doe,abcde12345,,,,,,,
auth-server,login_success,,,,203.0.113.10,,,2025-09-02 10:45:02,jane.doe,,,,,,,,
db-monitor,query_executed,,,,,,,2025-09-02 10:45:23,,,,,,,SELECT * FROM products WHERE category = 'electronics',12.0,
db-monitor,query_executed,,,,,,,2025-09-02 10:45:40,,,,,,,SELECT * FROM products WHERE category = 'electronics',12.0,
auth-server,jwt_refresh,,,,,,,2025-09-02 10:46:04,jane.doe,abcde12345,,,,,,,
auth-server,login_success,,,,203.0.113.10,,,2025-09-02 10:46:22,jane.doe,,,,,,,,
app-server,checkout_request,/api/v1/checkout,,,,200.0,,2025-09-02 10:46:44,,,,,,,,,INFO
app-server,checkout_request,/api/v1/checkout,,,,200.0,,2025-09-02 10:47:01,,,,,,,,,INFO
auth-server,jwt_refresh,,,,,,,2025-09-02 10:47:22,jane.doe,abcde12345,,,,,,,
api-auth,password_reset_request,,,,,,,2025-09-02 10:47:44,,,,,,john.smith@example.com,,,
api-auth,password_reset_request,,,,,,,2025-09-02 10:48:03,,,,,,john.smith@example.com,,,
app-server,checkout_request,/api/v1/checkout,,,,200.0,,2025-09-02 10:48:23,,,,,,,,,INFO
ci-cd-pipeline,code_deployment,,,,,,,2025-09-02 10:48:43,jane.doe,,abc123def,,,,,,
api-auth,password_reset_request,,,,,,,2025-09-02 10:49:03,,,,,,john.smith@example.com,,,
file-service,file_upload,,,,,,,2025-09-02 10:49:24,bob,,,profile.png,image/png,,,,
api-auth,password_reset_request,,,,,,,2025-09-02 10:49:43,,,,,,john.smith@example.com,,,
file-service,file_upload,,,,,,,2025-09-02 10:50:03,bob,,,profile.png,image/png,,,,
auth-server,login_success,,,,203.0.113.10,,,2025-09-02 10:50:20,jane.doe,,,,,,,,
db-monitor,query_executed,,,,,,,2025-09-02 10:50:43,,,,,,,SELECT * FROM products WHERE category = 'electronics',12.0,
api-auth,password_reset_request,,,,,,,2025-09-02 10:51:00,,,,,,john.smith@example.com,,,
auth-server,jwt_refresh,,,,,,,2025-09-02 10:51:24,jane.doe,abcde12345,,,,,,,
api-gateway,api_request,/api/v1/products/456,GET,user123,203.0.113.50,200.0,45.0,2025-09-02 10:51:40,,,,,,,,,
auth-server,login_success,,,,203.0.113.10,,,2025-09-02 10:52:01,jane.doe,,,,,,,,
app-server,checkout_request,/api/v1/checkout,,,,200.0,,2025-09-02 10:52:20,,,,,,,,,INFO
api-auth,password_reset_request,,,,,,,2025-09-02 10:52:40,,,,,,john.smith@example.com,,,
ci-cd-pipeline,code_deployment,,,,,,,2025-09-02 10:53:01,jane.doe,,abc123def,,,,,,
api-auth,password_reset_request,,,,,,,2025-09-02 10:53:20,,,,,,john.smith@example.com,,,
file-service,file_upload,,,,,,,2025-09-02 10:53:45,bob,,,profile.png,image/png,,,,
file-service,file_upload,,,,,,,2025-09-02 10:54:05,bob,,,profile.png,image/png,,,,
auth-server,jwt_refresh,,,,,,,2025-09-02 10:54:22,jane.doe,abcde12345,,,,,,,
api-gateway,api_request,/api/v1/products/456,GET,user123,203.0.113.50,200.0,45.0,2025-09-02 10:54:43,,,,,,,,,
auth-server,jwt_refresh,,,,,,,2025-09-02 10:55:00,jane.doe,abcde12345,,,,,,,
ci-cd-pipeline,code_deployment,,,,,,,2025-09-02 10:55:20,jane.doe,,abc123def,,,,,,
db-monitor,query_executed,,,,,,,2025-09-02 10:55:40,,,,,,,SELECT * FROM products WHERE category = 'electronics',12.0,
auth-server,jwt_refresh,,,,,,,2025-09-02 10:56:03,jane.doe,abcde12345,,,,,,,
auth-server,login_success,,,,203.0.113.10,,,2025-09-02 10:56:22,jane.doe,,,,,,,,
auth-server,login_success,,,,203.0.113.10,,,2025-09-02 10:56:41,jane.doe,,,,,,,,
file-service,file_upload,,,,,,,2025-09-02 10:57:05,bob,,,profile.png,image/png,,,,
db-monitor,query_executed,,,,,,,2025-09-02 10:57:23,,,,,,,SELECT * FROM products WHERE category = 'electronics',12.0,
app-server,checkout_request,/api/v1/checkout,,,,200.0,,2025-09-02 10:57:41,,,,,,,,,INFO
api-gateway,api_request,/api/v1/products/456,GET,user123,203.0.113.50,200.0,45.0,2025-09-02 10:58:03,,,,,,,,,
app-server,checkout_request,/api/v1/checkout,,,,200.0,,2025-09-02 10:58:20,,,,,,,,,INFO
auth-server,login_success,,,,203.0.113.10,,,2025-09-02 10:58:45,jane.doe,,,,,,,,
ci-cd-pipeline,code_deployment,,,,,,,2025-09-02 10:59:01,jane.doe,,abc123def,,,,,,
file-service,file_upload,,,,,,,2025-09-02 10:59:21,bob,,,profile.png,image/png,,,,
ci-cd-pipeline,code_deployment,,,,,,,2025-09-02 10:59:44,jane.doe,,abc123def,,,,,,
app-server,checkout_request,/api/v1/checkout,,,,200.0,,2025-09-02 11:00:01,,,,,,,,,INFO
api-gateway,api_request,/api/v1/products/456,GET,user123,203.0.113.50,200.0,45.0,2025-09-02 11:00:24,,,,,,,,,
ci-cd-pipeline,code_deployment,,,,,,,2025-09-02 11:00:40,jane.doe,,abc123def,,,,,,
auth-server,login_success,,,,203.0.113.10,,,2025-09-02 11:01:05,jane.doe,,,,,,,,
api-auth,password_reset_request,,,,,,,2025-09-02 11:01:25,,,,,,john.smith@example.com,,,
ci-cd-pipeline,code_deployment,,,,,,,2025-09-02 11:01:44,jane.doe,,abc123def,,,,,,
auth-server,jwt_refresh,,,,,,,2025-09-02 11:02:01,jane.doe,abcde12345,,,,,,,
api-gateway,api_request,/api/v1/products/456,GET,user123,203.0.113.50,200.0,45.0,2025-09-02 11:02:25,,,,,,,,,
ci-cd-pipeline,code_deployment,,,,,,,2025-09-02 11:02:43,jane.doe,,abc123def,,,,,,
app-server,checkout_request,/api/v1/checkout,,,,200.0,,2025-09-02 11:03:05,,,,,,,,,INFO
db-monitor,query_executed,,,,,,,2025-09-02 11:03:21,,,,,,,SELECT * FROM products WHERE category = 'electronics',12.0,
file-service,file_upload,,,,,,,2025-09-02 11:03:45,bob,,,profile.png,image/png,,,,
app-server,checkout_request,/api/v1/checkout,,,,200.0,,2025-09-02 11:04:03,,,,,,,,,INFO
ci-cd-pipeline,code_deployment,,,,,,,2025-09-02 11:04:25,jane.doe,,abc123def,,,,,,
ci-cd-pipeline,code_deployment,,,,,,,2025-09-02 11:04:44,jane.doe,,abc123def,,,,,,
api-gateway,api_request,/api/v1/products/456,GET,user123,203.0.113.50,200.0,45.0,2025-09-02 11:05:04,,,,,,,,,
auth-server,login_success,,,,203.0.113.10,,,2025-09-02 11:05:20,jane.doe,,,,,,,,
ci-cd-pipeline,code_deployment,,,,,,,2025-09-02 11:05:40,jane.doe,,abc123def,,,,,,
api-gateway,api_request,/api/v1/products/456,GET,user123,203.0.113.50,200.0,45.0,2025-09-02 11:06:02,,,,,,,,,
auth-server,login_success,,,,203.0.113.10,,,2025-09-02 11:06:24,jane.doe,,,,,,,,
db-monitor,query_executed,,,,,,,2025-09-02 11:06:42,,,,,,,SELECT * FROM products WHERE category = 'electronics',12.0,
db-monitor,query_executed,,,,,,,2025-09-02 11:07:01,,,,,,,SELECT * FROM products WHERE category = 'electronics',12.0,
api-gateway,api_request,/api/v1/products/456,GET,user123,203.0.113.50,200.0,45.0,2025-09-02 11:07:22,,,,,,,,,
db-monitor,query_executed,,,,,,,2025-09-02 11:07:45,,,,,,,SELECT * FROM products WHERE category = 'electronics',12.0,
auth-server,login_success,,,,203.0.113.10,,,2025-09-02 11:08:05,jane.doe,,,,,,,,
app-server,checkout_request,/api/v1/checkout,,,,200.0,,2025-09-02 11:08:21,,,,,,,,,INFO
file-service,file_upload,,,,,,,2025-09-02 11:08:40,bob,,,profile.png,image/png,,,,
file-service,file_upload,,,,,,,2025-09-02 11:09:05,bob,,,profile.png,image/png,,,,
db-monitor,query_executed,,,,,,,2025-09-02 11:09:24,,,,,,,SELECT * FROM products WHERE category = 'electronics',12.0,
db-monitor,query_executed,,,,,,,2025-09-02 11:09:40,,,,,,,SELECT * FROM products WHERE category = 'electronics',12.0,
api-auth,password_reset_request,,,,,,,2025-09-02 11:10:05,,,,,,john.smith@example.com,,,
db-monitor,query_executed,,,,,,,2025-09-02 11:10:23,,,,,,,SELECT * FROM products WHERE category = 'electronics',12.0,
auth-server,login_success,,,,203.0.113.10,,,2025-09-02 11:10:43,jane.doe,,,,,,,,
app-server,checkout_request,/api/v1/checkout,,,,200.0,,2025-09-02 11:11:04,,,,,,,,,INFO
app-server,checkout_request,/api/v1/checkout,,,,200.0,,2025-09-02 11:11:21,,,,,,,,,INFO
api-auth,password_reset_request,,,,,,,2025-09-02 11:11:40,,,,,,john.smith@example.com,,,
db-monitor,query_executed,,,,,,,2025-09-02 11:12:03,,,,,,,SELECT * FROM products WHERE category = 'electronics',12.0,
file-service,file_upload,,,,,,,2025-09-02 11:12:25,bob,,,profile.png,image/png,,,,
app-server,checkout_request,/api/v1/checkout,,,,200.0,,2025-09-02 11:12:43,,,,,,,,,INFO
file-service,file_upload,,,,,,,2025-09-02 11:13:01,bob,,,profile.png,image/png,,,,
app-server,checkout_request,/api/v1/checkout,,,,200.0,,2025-09-02 11:13:21,,,,,,,,,INFO
auth-server,login_success,,,,203.0.113.10,,,2025-09-02 11:13:43,jane.doe,,,,,,,,
ci-cd-pipeline,code_deployment,,,,,,,2025-09-02 11:14:05,jane.doe,,abc123def,,,,,,
api-auth,password_reset_request,,,,,,,2025-09-02 11:14:24,,,,,,john.smith@example.com,,,
file-service,file_upload,,,,,,,2025-09-02 11:14:40,bob,,,profile.png,image/png,,,,
app-server,checkout_request,/api/v1/checkout,,,,200.0,,2025-09-02 11:15:05,,,,,,,,,INFO
auth-server,login_success,,,,203.0.113.10,,,2025-09-02 11:15:23,jane.doe,,,,,,,,
db-monitor,query_executed,,,,,,,2025-09-02 11:15:45,,,,,,,SELECT * FROM products WHERE category = 'electronics',12.0,
app-server,checkout_request,/api/v1/checkout,,,,200.0,,2025-09-02 11:16:02,,,,,,,,,INFO
app-server,checkout_request,/api/v1/checkout,,,,200.0,,2025-09-02 11:16:24,,,,,,,,,INFO
ci-cd-pipeline,code_deployment,,,,,,,2025-09-02 11:16:42,jane.doe,,abc123def,,,,,,
auth-server,jwt_refresh,,,,,,,2025-09-02 11:17:03,jane.doe,abcde12345,,,,,,,
api-gateway,api_request,/api/v1/products/456,GET,user123,203.0.113.50,200.0,45.0,2025-09-02 11:17:20,,,,,,,,,
api-auth,password_reset_request,,,,,,,2025-09-02 11:17:43,,,,,,john.smith@example.com,,,
file-service,file_upload,,,,,,,2025-09-02 11:18:03,bob,,,profile.png,image/png,,,,
auth-server,login_success,,,,203.0.113.10,,,2025-09-02 11:18:20,jane.doe,,,,,,,,
app-server,checkout_request,/api/v1/checkout,,,,200.0,,2025-09-02 11:18:43,,,,,,,,,INFO
db-monitor,query_executed,,,,,,,2025-09-02 11:19:02,,,,,,,SELECT * FROM products WHERE category = 'electronics',12.0,
db-monitor,query_executed,,,,,,,2025-09-02 11:19:23,,,,,,,SELECT * FROM products WHERE category = 'electronics',12.0,
auth-server,jwt_refresh,,,,,,,2025-09-02 11:19:45,jane.doe,abcde12345,,,,,,,
db-monitor,query_executed,,,,,,,2025-09-02 11:20:04,,,,,,,SELECT * FROM products WHERE category = 'electronics',12.0,
ci-cd-pipeline,code_deployment,,,,,,,2025-09-02 11:20:25,jane.doe,,abc123def,,,,,,
file-service,file_upload,,,,,,,2025-09-02 11:20:40,bob,,,profile.png,image/png,,,,
auth-server,jwt_refresh,,,,,,,2025-09-02 11:21:04,jane.doe,abcde12345,,,,,,,
app-server,checkout_request,/api/v1/checkout,,,,200.0,,2025-09-02 11:21:25,,,,,,,,,INFO
ci-cd-pipeline,code_deployment,,,,,,,2025-09-02 11:21:41,jane.doe,,abc123def,,,,,,
api-gateway,api_request,/api/v1/products/456,GET,user123,203.0.113.50,200.0,45.0,2025-09-02 11:22:04,,,,,,,,,
api-auth,password_reset_request,,,,,,,2025-09-02 11:22:20,,,,,,john.smith@example.com,,,
app-server,checkout_request,/api/v1/checkout,,,,200.0,,2025-09-02 11:22:44,,,,,,,,,INFO
db-monitor,query_executed,,,,,,,2025-09-02 11:23:01,,,,,,,SELECT * FROM products WHERE category = 'electronics',12.0,
api-gateway,api_request,/api/v1/products/456,GET,user123,203.0.113.50,200.0,45.0,2025-09-02 11:23:24,,,,,,,,,
auth-server,login_success,,,,203.0.113.10,,,2025-09-02 11:23:43,jane.doe,,,,,,,,
auth-server,login_success,,,,203.0.113.10,,,2025-09-02 11:24:04,jane.doe,,,,,,,,
auth-server,login_success,,,,203.0.113.10,,,2025-09-02 11:24:25,jane.doe,,,,,,,,
db-monitor,query_executed,,,,,,,2025-09-02 11:24:41,,,,,,,SELECT * FROM products WHERE category = 'electronics',12.0,
auth-server,jwt_refresh,,,,,,,2025-09-02 11:25:01,jane.doe,abcde12345,,,,,,,
api-auth,password_reset_request,,,,,,,2025-09-02 11:25:24,,,,,,john.smith@example.com,,,
file-service,file_upload,,,,,,,2025-09-02 11:25:42,bob,,,profile.png,image/png,,,,
db-monitor,query_executed,,,,,,,2025-09-02 11:26:00,,,,,,,SELECT * FROM products WHERE category = 'electronics',12.0,
app-server,checkout_request,/api/v1/checkout,,,,200.0,,2025-09-02 11:26:21,,,,,,,,,INFO
api-gateway,api_request,/api/v1/products/456,GET,user123,203.0.113.50,200.0,45.0,2025-09-02 11:26:41,,,,,,,,,
api-gateway,api_request,/api/v1/products/456,GET,user123,203.0.113.50,200.0,45.0,2025-09-02 11:27:00,,,,,,,,,
app-server,checkout_request,/api/v1/checkout,,,,200.0,,2025-09-02 11:27:23,,,,,,,,,INFO
api-auth,password_reset_request,,,,,,,2025-09-02 11:27:40,,,,,,john.smith@example.com,,,
auth-server,login_success,,,,203.0.113.10,,,2025-09-02 11:28:05,jane.doe,,,,,,,,
auth-server,jwt_refresh,,,,,,,2025-09-02 11:28:20,jane.doe,abcde12345,,,,,,,
auth-server,login_success,,,,203.0.113.10,,,2025-09-02 11:28:42,jane.doe,,,,,,,,
api-gateway,api_request,/api/v1/products/456,GET,user123,203.0.113.50,200.0,45.0,2025-09-02 11:29:05,,,,,,,,,
auth-server,jwt_refresh,,,,,,,2025-09-02 11:29:20,jane.doe,abcde12345,,,,,,,
app-server,checkout_request,/api/v1/checkout,,,,200.0,,2025-09-02 11:29:43,,,,,,,,,INFO
file-service,file_upload,,,,,,,2025-09-02 11:30:03,bob,,,profile.png,image/png,,,,
auth-server,jwt_refresh,,,,,,,2025-09-02 11:30:22,jane.doe,abcde12345,,,,,,,
auth-server,login_success,,,,203.0.113.10,,,2025-09-02 11:30:45,jane.doe,,,,,,,,
file-service,file_upload,,,,,,,2025-09-02 11:31:02,bob,,,profile.png,image/png,,,,
api-gateway,api_request,/api/v1/products/456,GET,user123,203.0.113.50,200.0,45.0,2025-09-02 11:31:24,,,,,,,,,
auth-server,login_success,,,,203.0.113.10,,,2025-09-02 11:31:44,jane.doe,,,,,,,,
file-service,file_upload,,,,,,,2025-09-02 11:32:03,bob,,,profile.png,image/png,,,,
file-service,file_upload,,,,,,,2025-09-02 11:32:24,bob,,,profile.png,image/png,,,,
app-server,checkout_request,/api/v1/checkout,,,,200.0,,2025-09-02 11:32:44,,,,,,,,,INFO
auth-server,login_success,,,,203.0.113.10,,,2025-09-02 11:33:04,jane.doe,,,,,,,,
app-server,checkout_request,/api/v1/checkout,,,,200.0,,2025-09-02 11:33:22,,,,,,,,,INFO
ci-cd-pipeline,code_deployment,,,,,,,2025-09-02 11:33:45,jane.doe,,abc123def,,,,,,
auth-server,login_success,,,,203.0.113.10,,,2025-09-02 11:34:05,jane.doe,,,,,,,,
auth-server,login_success,,,,203.0.113.10,,,2025-09-02 11:34:21,jane.doe,,,,,,,,
app-server,checkout_request,/api/v1/checkout,,,,200.0,,2025-09-02 11:34:43,,,,,,,,,INFO
auth-server,login_success,,,,203.0.113.10,,,2025-09-02 11:35:04,jane.doe,,,,,,,,
api-auth,password_reset_request,,,,,,,2025-09-02 11:35:25,,,,,,john.smith@example.com,,,
ci-cd-pipeline,code_deployment,,,,,,,2025-09-02 11:35:40,jane.doe,,abc123def,,,,,,
db-monitor,query_executed,,,,,,,2025-09-02 11:36:05,,,,,,,SELECT * FROM products WHERE category = 'electronics',12.0,
auth-server,jwt_refresh,,,,,,,2025-09-02 11:36:23,jane.doe,abcde12345,,,,,,,
auth-server,login_success,,,,203.0.113.10,,,2025-09-02 11:36:44,jane.doe,,,,,,,,
ci-cd-pipeline,code_deployment,,,,,,,2025-09-02 11:37:03,jane.doe,,abc123def,,,,,,
api-auth,password_reset_request,,,,,,,2025-09-02 11:37:20,,,,,,john.smith@example.com,,,
app-server,checkout_request,/api/v1/checkout,,,,200.0,,2025-09-02 11:37:40,,,,,,,,,INFO
auth-server,jwt_refresh,,,,,,,2025-09-02 11:38:05,jane.doe,abcde12345,,,,,,,
app-server,checkout_request,/api/v1/checkout,,,,200.0,,2025-09-02 11:38:20,,,,,,,,,INFO
auth-server,jwt_refresh,,,,,,,2025-09-02 11:38:43,jane.doe,abcde12345,,,,,,,
api-auth,password_reset_request,,,,,,,2025-09-02 11:39:00,,,,,,john.smith@example.com,,,
api-auth,password_reset_request,,,,,,,2025-09-02 11:39:24,,,,,,john.smith@example.com,,,
ci-cd-pipeline,code_deployment,,,,,,,2025-09-02 11:39:42,jane.doe,,abc123def,,,,,,
file-service,file_upload,,,,,,,2025-09-02 11:40:01,bob,,,profile.png,image/png,,,,
file-service,file_upload,,,,,,,2025-09-02 11:40:21,bob,,,profile.png,image/png,,,,
file-service,file_upload,,,,,,,2025-09-02 11:40:45,bob,,,profile.png,image/png,,,,
file-service,file_upload,,,,,,,2025-09-02 11:41:03,bob,,,profile.png,image/png,,,,
ci-cd-pipeline,code_deployment,,,,,,,2025-09-02 11:41:25,jane.doe,,abc123def,,,,,,
file-service,file_upload,,,,,,,2025-09-02 11:41:40,bob,,,profile.png,image/png,,,,
db-monitor,query_executed,,,,,,,2025-09-02 11:42:03,,,,,,,SELECT * FROM products WHERE category = 'electronics',12.0,
app-server,checkout_request,/api/v1/checkout,,,,200.0,,2025-09-02 11:42:25,,,,,,,,,INFO
db-monitor,query_executed,,,,,,,2025-09-02 11:42:40,,,,,,,SELECT * FROM products WHERE category = 'electronics',12.0,
auth-server,login_success,,,,203.0.113.10,,,2025-09-02 11:43:04,jane.doe,,,,,,,,
db-monitor,query_executed,,,,,,,2025-09-02 11:43:23,,,,,,,SELECT * FROM products WHERE category = 'electronics',12.0,
api-auth,password_reset_request,,,,,,,2025-09-02 11:43:45,,,,,,john.smith@example.com,,,
auth-server,jwt_refresh,,,,,,,2025-09-02 11:44:00,jane.doe,abcde12345,,,,,,,
auth-server,jwt_refresh,,,,,,,2025-09-02 11:44:22,jane.doe,abcde12345,,,,,,,
auth-server,login_success,,,,203.0.113.10,,,2025-09-02 11:44:41,jane.doe,,,,,,,,
ci-cd-pipeline,code_deployment,,,,,,,2025-09-02 11:45:04,jane.doe,,abc123def,,,,,,
auth-server,login_success,,,,203.0.113.10,,,2025-09-02 11:45:25,jane.doe,,,,,,,,
file-service,file_upload,,,,,,,2025-09-02 11:45:44,bob,,,profile.png,image/png,,,,
app-server,checkout_request,/api/v1/checkout,,,,200.0,,2025-09-02 11:46:05,,,,,,,,,INFO
app-server,checkout_request,/api/v1/checkout,,,,200.0,,2025-09-02 11:46:23,,,,,,,,,INFO
auth-server,jwt_refresh,,,,,,,2025-09-02 11:46:45,jane.doe,abcde12345,,,,,,,
auth-server,login_success,,,,203.0.113.10,,,2025-09-02 11:47:05,jane.doe,,,,,,,,
db-monitor,query_executed,,,,,,,2025-09-02 11:47:24,,,,,,,SELECT * FROM products WHERE category = 'electronics',12.0,
ci-cd-pipeline,code_deployment,,,,,,,2025-09-02 11:47:40,jane.doe,,abc123def,,,,,,
auth-server,jwt_refresh,,,,,,,2025-09-02 11:48:03,jane.doe,abcde12345,,,,,,,
auth-server,jwt_refresh,,,,,,,2025-09-02 11:48:20,jane.doe,abcde12345,,,,,,,
auth-server,jwt_refresh,,,,,,,2025-09-02 11:48:45,jane.doe,abcde12345,,,,,,,
db-monitor,query_executed,,,,,,,2025-09-02 11:49:04,,,,,,,SELECT * FROM products WHERE category = 'electronics',12.0,
app-server,checkout_request,/api/v1/checkout,,,,200.0,,2025-09-02 11:49:21,,,,,,,,,INFO
auth-server,login_success,,,,203.0.113.10,,,2025-09-02 11:49:40,jane.doe,,,,,,,,
api-gateway,api_request,/api/v1/products/456,GET,user123,203.0.113.50,200.0,45.0,2025-09-02 11:50:05,,,,,,,,,
api-gateway,api_request,/api/v1/products/456,GET,user123,203.0.113.50,200.0,45.0,2025-09-02 11:50:20,,,,,,,,,
auth-server,login_success,,,,203.0.113.10,,,2025-09-02 11:50:42,jane.doe,,,,,,,,
api-auth,password_reset_request,,,,,,,2025-09-02 11:51:02,,,,,,john.smith@example.com,,,
auth-server,login_success,,,,203.0.113.10,,,2025-09-02 11:51:21,jane.doe,,,,,,,,
db-monitor,query_executed,,,,,,,2025-09-02 11:51:40,,,,,,,SELECT * FROM products WHERE category = 'electronics',12.0,
ci-cd-pipeline,code_deployment,,,,,,,2025-09-02 11:52:03,jane.doe,,abc123def,,,,,,
api-gateway,api_request,/api/v1/products/456,GET,user123,203.0.113.50,200.0,45.0,2025-09-02 11:52:25,,,,,,,,,
db-monitor,query_executed,,,,,,,2025-09-02 11:52:44,,,,,,,SELECT * FROM products WHERE category = 'electronics',12.0,
file-service,file_upload,,,,,,,2025-09-02 11:53:03,bob,,,profile.png,image/png,,,,
api-auth,password_reset_request,,,,,,,2025-09-02 11:53:20,,,,,,john.smith@example.com,,,
file-service,file_upload,,,,,,,2025-09-02 11:53:40,bob,,,profile.png,image/png,,,,
ci-cd-pipeline,code_deployment,,,,,,,2025-09-02 11:54:04,jane.doe,,abc123def,,,,,,
api-auth,password_reset_request,,,,,,,2025-09-02 11:54:23,,,,,,john.smith@example.com,,,
auth-server,jwt_refresh,,,,,,,2025-09-02 11:54:41,jane.doe,abcde12345,,,,,,,
auth-server,login_success,,,,203.0.113.10,,,2025-09-02 11:55:04,jane.doe,,,,,,,,
db-monitor,query_executed,,,,,,,2025-09-02 11:55:21,,,,,,,SELECT * FROM products WHERE category = 'electronics',12.0,
db-monitor,query_executed,,,,,,,2025-09-02 11:55:42,,,,,,,SELECT * FROM products WHERE category = 'electronics',12.0,
ci-cd-pipeline,code_deployment,,,,,,,2025-09-02 11:56:03,jane.doe,,abc123def,,,,,,
db-monitor,query_executed,,,,,,,2025-09-02 11:56:20,,,,,,,SELECT * FROM products WHERE category = 'electronics',12.0,
auth-server,jwt_refresh,,,,,,,2025-09-02 11:56:45,jane.doe,abcde12345,,,,,,,
auth-server,jwt_refresh,,,,,,,2025-09-02 11:57:01,jane.doe,abcde12345,,,,,,,
auth-server,jwt_refresh,,,,,,,2025-09-02 11:57:22,jane.doe,abcde12345,,,,,,,
app-server,checkout_request,/api/v1/checkout,,,,200.0,,2025-09-02 11:57:41,,,,,,,,,INFO
ci-cd-pipeline,code_deployment,,,,,,,2025-09-02 11:58:00,jane.doe,,abc123def,,,,,,
ci-cd-pipeline,code_deployment,,,,,,,2025-09-02 11:58:25,jane.doe,,abc123def,,,,,,
ci-cd-pipeline,code_deployment,,,,,,,2025-09-02 11:58:45,jane.doe,,abc123def,,,,,,
ci-cd-pipeline,code_deployment,,,,,,,2025-09-02 11:59:02,jane.doe,,abc123def,,,,,,
api-auth,password_reset_request,,,,,,,2025-09-02 11:59:20,,,,,,john.smith@example.com,,,
file-service,file_upload,,,,,,,2025-09-02 11:59:40,bob,,,profile.png,image/png,,,,
db-monitor,query_executed,,,,,,,2025-09-02 12:00:02,,,,,,,SELECT * FROM products WHERE category = 'electronics',12.0,
auth-server,jwt_refresh,,,,,,,2025-09-02 12:00:21,jane.doe,abcde12345,,,,,,,
auth-server,jwt_refresh,,,,,,,2025-09-02 12:00:40,jane.doe,abcde12345,,,,,,,
ci-cd-pipeline,code_deployment,,,,,,,2025-09-02 12:01:02,jane.doe,,abc123def,,,,,,
app-server,checkout_request,/api/v1/checkout,,,,200.0,,2025-09-02 12:01:25,,,,,,,,,INFO
auth-server,login_success,,,,203.0.113.10,,,2025-09-02 12:01:45,jane.doe,,,,,,,,
api-gateway,api_request,/api/v1/products/456,GET,user123,203.0.113.50,200.0,45.0,2025-09-02 12:02:05,,,,,,,,,
api-auth,password_reset_request,,,,,,,2025-09-02 12:02:21,,,,,,john.smith@example.com,,,
file-service,file_upload,,,,,,,2025-09-02 12:02:42,bob,,,profile.png,image/png,,,,
auth-server,login_success,,,,203.0.113.10,,,2025-09-02 12:03:02,jane.doe,,,,,,,,
api-gateway,api_request,/api/v1/products/456,GET,user123,203.0.113.50,200.0,45.0,2025-09-02 12:03:20,,,,,,,,,
api-auth,password_reset_request,,,,,,,2025-09-02 12:03:43,,,,,,john.smith@example.com,,,
ci-cd-pipeline,code_deployment,,,,,,,2025-09-02 12:04:01,jane.doe,,abc123def,,,,,,
db-monitor,query_executed,,,,,,,2025-09-02 12:04:21,,,,,,,SELECT * FROM products WHERE category = 'electronics',12.0,
auth-server,login_success,,,,203.0.113.10,,,2025-09-02 12:04:41,jane.doe,,,,,,,,
auth-server,jwt_refresh,,,,,,,2025-09-02 12:05:04,jane.doe,abcde12345,,,,,,,
api-gateway,api_request,/api/v1/products/456,GET,user123,203.0.113.50,200.0,45.0,2025-09-02 12:05:21,,,,,,,,,
db-monitor,query_executed,,,,,,,2025-09-02 12:05:40,,,,,,,SELECT * FROM products WHERE category = 'electronics',12.0,
db-monitor,query_executed,,,,,,,2025-09-02 12:06:04,,,,,,,SELECT * FROM products WHERE category = 'electronics',12.0,
auth-server,login_success,,,,203.0.113.10,,,2025-09-02 12:06:23,jane.doe,,,,,,,,
db-monitor,query_executed,,,,,,,2025-09-02 12:06:43,,,,,,,SELECT * FROM products WHERE category = 'electronics',12.0,
ci-cd-pipeline,code_deployment,,,,,,,2025-09-02 12:07:01,jane.doe,,abc123def,,,,,,
file-service,file_upload,,,,,,,2025-09-02 12:07:22,bob,,,profile.png,image/png,,,,
auth-server,jwt_refresh,,,,,,,2025-09-02 12:07:45,jane.doe,abcde12345,,,,,,,
api-gateway,api_request,/api/v1/products/456,GET,user123,203.0.113.50,200.0,45.0,2025-09-02 12:08:00,,,,,,,,,
api-auth,password_reset_request,,,,,,,2025-09-02 12:08:24,,,,,,john.smith@example.com,,,
auth-server,login_success,,,,203.0.113.10,,,2025-09-02 12:08:40,jane.doe,,,,,,,,
auth-server,jwt_refresh,,,,,,,2025-09-02 12:09:04,jane.doe,abcde12345,,,,,,,
app-server,checkout_request,/api/v1/checkout,,,,200.0,,2025-09-02 12:09:22,,,,,,,,,INFO
api-gateway,api_request,/api/v1/products/456,GET,user123,203.0.113.50,200.0,45.0,2025-09-02 12:09:40,,,,,,,,,
db-monitor,query_executed,,,,,,,2025-09-02 12:10:00,,,,,,,SELECT * FROM products WHERE category = 'electronics',12.0,
db-monitor,query_executed,,,,,,,2025-09-02 12:10:25,,,,,,,SELECT * FROM products WHERE category = 'electronics',12.0,
db-monitor,query_executed,,,,,,,2025-09-02 12:10:40,,,,,,,SELECT * FROM products WHERE category = 'electronics',12.0,
api-auth,password_reset_request,,,,,,,2025-09-02 12:11:02,,,,,,john.smith@example.com,,,
auth-server,jwt_refresh,,,,,,,2025-09-02 12:11:25,jane.doe,abcde12345,,,,,,,
auth-server,login_success,,,,203.0.113.10,,,2025-09-02 12:11:40,jane.doe,,,,,,,,
db-monitor,query_executed,,,,,,,2025-09-02 12:12:01,,,,,,,SELECT * FROM products WHERE category = 'electronics',12.0,
app-server,checkout_request,/api/v1/checkout,,,,200.0,,2025-09-02 12:12:23,,,,,,,,,INFO
auth-server,jwt_refresh,,,,,,,2025-09-02 12:12:40,jane.doe,abcde12345,,,,,,,
api-gateway,api_request,/api/v1/products/456,GET,user123,203.0.113.50,200.0,45.0,2025-09-02 12:13:01,,,,,,,,,
app-server,checkout_request,/api/v1/checkout,,,,200.0,,2025-09-02 12:13:22,,,,,,,,,INFO
file-service,file_upload,,,,,,,2025-09-02 12:13:43,bob,,,profile.png,image/png,,,,
db-monitor,query_executed,,,,,,,2025-09-02 12:14:02,,,,,,,SELECT * FROM products WHERE category = 'electronics',12.0,
api-auth,password_reset_request,,,,,,,2025-09-02 12:14:23,,,,,,john.smith@example.com,,,
api-gateway,api_request,/api/v1/products/456,GET,user123,203.0.113.50,200.0,45.0,2025-09-02 12:14:43,,,,,,,,,
api-gateway,api_request,/api/v1/products/456,GET,user123,203.0.113.50,200.0,45.0,2025-09-02 12:15:05,,,,,,,,,
ci-cd-pipeline,code_deployment,,,,,,,2025-09-02 12:15:23,jane.doe,,abc123def,,,,,,
auth-server,login_success,,,,203.0.113.10,,,2025-09-02 12:15:43,jane.doe,,,,,,,,
api-auth,password_reset_request,,,,,,,2025-09-02 12:16:04,,,,,,john.smith@example.com,,,
api-gateway,api_request,/api/v1/products/456,GET,user123,203.0.113.50,200.0,45.0,2025-09-02 12:16:25,,,,,,,,,
api-gateway,api_request,/api/v1/products/456,GET,user123,203.0.113.50,200.0,45.0,2025-09-02 12:16:42,,,,,,,,,
auth-server,login_success,,,,203.0.113.10,,,2025-09-02 12:17:05,jane.doe,,,,,,,,
db-monitor,query_executed,,,,,,,2025-09-02 12:17:25,,,,,,,SELECT * FROM products WHERE category = 'electronics',12.0,
auth-server,login_success,,,,203.0.113.10,,,2025-09-02 12:17:40,jane.doe,,,,,,,,
app-server,checkout_request,/api/v1/checkout,,,,200.0,,2025-09-02 12:18:01,,,,,,,,,INFO
auth-server,login_success,,,,203.0.113.10,,,2025-09-02 12:18:23,jane.doe,,,,,,,,
api-gateway,api_request,/api/v1/products/456,GET,user123,203.0.113.50,200.0,45.0,2025-09-02 12:18:45,,,,,,,,,
auth-server,jwt_refresh,,,,,,,2025-09-02 12:19:02,jane.doe,abcde12345,,,,,,,
app-server,checkout_request,/api/v1/checkout,,,,200.0,,2025-09-02 12:19:20,,,,,,,,,INFO
app-server,checkout_request,/api/v1/checkout,,,,200.0,,2025-09-02 12:19:41,,,,,,,,,INFO
app-server,checkout_request,/api/v1/checkout,,,,200.0,,2025-09-02 12:20:03,,,,,,,,,INFO
auth-server,login_success,,,,203.0.113.10,,,2025-09-02 12:20:22,jane.doe,,,,,,,,
api-auth,password_reset_request,,,,,,,2025-09-02 12:20:40,,,,,,john.smith@example.com,,,
db-monitor,query_executed,,,,,,,2025-09-02 12:21:05,,,,,,,SELECT * FROM products WHERE category = 'electronics',12.0,
app-server,checkout_request,/api/v1/checkout,,,,200.0,,2025-09-02 12:21:23,,,,,,,,,INFO
file-service,file_upload,,,,,,,2025-09-02 12:21:42,bob,,,profile.png,image/png,,,,
file-service,file_upload,,,,,,,2025-09-02 12:22:01,bob,,,profile.png,image/png,,,,
auth-server,jwt_refresh,,,,,,,2025-09-02 12:22:25,jane.doe,abcde12345,,,,,,,
api-auth,password_reset_request,,,,,,,2025-09-02 12:22:42,,,,,,john.smith@example.com,,,
file-service,file_upload,,,,,,,2025-09-02 12:23:00,bob,,,profile.png,image/png,,,,
api-auth,password_reset_request,,,,,,,2025-09-02 12:23:22,,,,,,john.smith@example.com,,,
file-service,file_upload,,,,,,,2025-09-02 12:23:42,bob,,,profile.png,image/png,,,,
ci-cd-pipeline,code_deployment,,,,,,,2025-09-02 12:24:05,jane.doe,,abc123def,,,,,,
ci-cd-pipeline,code_deployment,,,,,,,2025-09-02 12:24:20,jane.doe,,abc123def,,,,,,
app-server,checkout_request,/api/v1/checkout,,,,200.0,,2025-09-02 12:24:41,,,,,,,,,INFO
auth-server,jwt_refresh,,,,,,,2025-09-02 12:25:04,jane.doe,abcde12345,,,,,,,
api-auth,password_reset_request,,,,,,,2025-09-02 12:25:23,,,,,,john.smith@example.com,,,
file-service,file_upload,,,,,,,2025-09-02 12:25:45,bob,,,profile.png,image/png,,,,
file-service,file_upload,,,,,,,2025-09-02 12:26:00,bob,,,profile.png,image/png,,,,
ci-cd-pipeline,code_deployment,,,,,,,2025-09-02 12:26:22,jane.doe,,abc123def,,,,,,
db-monitor,query_executed,,,,,,,2025-09-02 12:26:44,,,,,,,SELECT * FROM products WHERE category = 'electronics',12.0,
db-monitor,query_executed,,,,,,,2025-09-02 12:27:00,,,,,,,SELECT * FROM products WHERE category = 'electronics',12.0,
db-monitor,query_executed,,,,,,,2025-09-02 12:27:24,,,,,,,SELECT * FROM products WHERE category = 'electronics',12.0,
app-server,checkout_request,/api/v1/checkout,,,,200.0,,2025-09-02 12:27:41,,,,,,,,,INFO
file-service,file_upload,,,,,,,2025-09-02 12:28:03,bob,,,profile.png,image/png,,,,
auth-server,jwt_refresh,,,,,,,2025-09-02 12:28:22,jane.doe,abcde12345,,,,,,,
auth-server,jwt_refresh,,,,,,,2025-09-02 12:28:45,jane.doe,abcde12345,,,,,,,
file-service,file_upload,,,,,,,2025-09-02 12:29:04,bob,,,profile.png,image/png,,,,
api-gateway,api_request,/api/v1/products/456,GET,user123,203.0.113.50,200.0,45.0,2025-09-02 12:29:21,,,,,,,,,
api-auth,password_reset_request,,,,,,,2025-09-02 12:29:40,,,,,,john.smith@example.com,,,
auth-server,jwt_refresh,,,,,,,2025-09-02 12:30:02,jane.doe,abcde12345,,,,,,,
api-gateway,api_request,/api/v1/products/456,GET,user123,203.0.113.50,200.0,45.0,2025-09-02 12:30:24,,,,,,,,,
file-service,file_upload,,,,,,,2025-09-02 12:30:41,bob,,,profile.png,image/png,,,,
file-service,file_upload,,,,,,,2025-09-02 12:31:00,bob,,,profile.png,image/png,,,,
api-gateway,api_request,/api/v1/products/456,GET,user123,203.0.113.50,200.0,45.0,2025-09-02 12:31:23,,,,,,,,,
auth-server,jwt_refresh,,,,,,,2025-09-02 12:31:45,jane.doe,abcde12345,,,,,,,
auth-server,login_success,,,,203.0.113.10,,,2025-09-02 12:32:04,jane.doe,,,,,,,,
api-gateway,api_request,/api/v1/products/456,GET,user123,203.0.113.50,200.0,45.0,2025-09-02 12:32:25,,,,,,,,,
ci-cd-pipeline,code_deployment,,,,,,,2025-09-02 12:32:40,jane.doe,,abc123def,,,,,,
api-gateway,api_request,/api/v1/products/456,GET,user123,203.0.113.50,200.0,45.0,2025-09-02 12:33:05,,,,,,,,,
db-monitor,query_executed,,,,,,,2025-09-02 12:33:20,,,,,,,SELECT * FROM products WHERE category = 'electronics',12.0,
auth-server,login_success,,,,203.0.113.10,,,2025-09-02 12:33:44,jane.doe,,,,,,,,
app-server,checkout_request,/api/v1/checkout,,,,200.0,,2025-09-02 12:34:02,,,,,,,,,INFO
auth-server,jwt_refresh,,,,,,,2025-09-02 12:34:25,jane.doe,abcde12345,,,,,,,
ci-cd-pipeline,code_deployment,,,,,,,2025-09-02 12:34:43,jane.doe,,abc123def,,,,,,
db-monitor,query_executed,,,,,,,2025-09-02 12:35:05,,,,,,,SELECT * FROM products WHERE category = 'electronics',12.0,
api-gateway,api_request,/api/v1/products/456,GET,user123,203.0.113.50,200.0,45.0,2025-09-02 12:35:20,,,,,,,,,
auth-server,jwt_refresh,,,,,,,2025-09-02 12:35:41,jane.doe,abcde12345,,,,,,,
file-service,file_upload,,,,,,,2025-09-02 12:36:01,bob,,,profile.png,image/png,,,,
app-server,checkout_request,/api/v1/checkout,,,,200.0,,2025-09-02 12:36:20,,,,,,,,,INFO
auth-server,jwt_refresh,,,,,,,2025-09-02 12:36:43,jane.doe,abcde12345,,,,,,,
file-service,file_upload,,,,,,,2025-09-02 12:37:05,bob,,,profile.png,image/png,,,,
ci-cd-pipeline,code_deployment,,,,,,,2025-09-02 12:37:24,jane.doe,,abc123def,,,,,,
api-gateway,api_request,/api/v1/products/456,GET,user123,203.0.113.50,200.0,45.0,2025-09-02 12:37:43,,,,,,,,,
app-server,checkout_request,/api/v1/checkout,,,,200.0,,2025-09-02 12:38:00,,,,,,,,,INFO
auth-server,login_success,,,,203.0.113.10,,,2025-09-02 12:38:21,jane.doe,,,,,,,,
file-service,file_upload,,,,,,,2025-09-02 12:38:41,bob,,,profile.png,image/png,,,,
auth-server,jwt_refresh,,,,,,,2025-09-02 12:39:03,jane.doe,abcde12345,,,,,,,
auth-server,login_success,,,,203.0.113.10,,,2025-09-02 12:39:24,jane.doe,,,,,,,,
db-monitor,query_executed,,,,,,,2025-09-02 12:39:44,,,,,,,SELECT * FROM products WHERE category = 'electronics',12.0,
auth-server,login_success,,,,203.0.113.10,,,2025-09-02 12:40:02,jane.doe,,,,,,,,
api-gateway,api_request,/api/v1/products/456,GET,user123,203.0.113.50,200.0,45.0,2025-09-02 12:40:24,,,,,,,,,
ci-cd-pipeline,code_deployment,,,,,,,2025-09-02 12:40:41,jane.doe,,abc123def,,,,,,
db-monitor,query_executed,,,,,,,2025-09-02 12:41:03,,,,,,,SELECT * FROM products WHERE category = 'electronics',12.0,
api-auth,password_reset_request,,,,,,,2025-09-02 12:41:22,,,,,,john.smith@example.com,,,
auth-server,login_success,,,,203.0.113.10,,,2025-09-02 12:41:44,jane.doe,,,,,,,,
ci-cd-pipeline,code_deployment,,,,,,,2025-09-02 12:42:02,jane.doe,,abc123def,,,,,,
ci-cd-pipeline,code_deployment,,,,,,,2025-09-02 12:42:20,jane.doe,,abc123def,,,,,,
auth-server,login_success,,,,203.0.113.10,,,2025-09-02 12:42:42,jane.doe,,,,,,,,
ci-cd-pipeline,code_deployment,,,,,,,2025-09-02 12:43:01,jane.doe,,abc123def,,,,,,
db-monitor,query_executed,,,,,,,2025-09-02 12:43:23,,,,,,,SELECT * FROM products WHERE category = 'electronics',12.0,
app-server,checkout_request,/api/v1/checkout,,,,200.0,,2025-09-02 12:43:40,,,,,,,,,INFO
db-monitor,query_executed,,,,,,,2025-09-02 12:44:00,,,,,,,SELECT * FROM products WHERE category = 'electronics',12.0,
app-server,checkout_request,/api/v1/checkout,,,,200.0,,2025-09-02 12:44:25,,,,,,,,,INFO
app-server,checkout_request,/api/v1/checkout,,,,200.0,,2025-09-02 12:44:40,,,,,,,,,INFO
auth-server,jwt_refresh,,,,,,,2025-09-02 12:45:00,jane.doe,abcde12345,,,,,,,
ci-cd-pipeline,code_deployment,,,,,,,2025-09-02 12:45:22,jane.doe,,abc123def,,,,,,
auth-server,login_success,,,,203.0.113.10,,,2025-09-02 12:45:42,jane.doe,,,,,,,,
auth-server,jwt_refresh,,,,,,,2025-09-02 12:46:02,jane.doe,abcde12345,,,,,,,
ci-cd-pipeline,code_deployment,,,,,,,2025-09-02 12:46:21,jane.doe,,abc123def,,,,,,
auth-server,jwt_refresh,,,,,,,2025-09-02 12:46:45,jane.doe,abcde12345,,,,,,,
app-server,checkout_request,/api/v1/checkout,,,,200.0,,2025-09-02 12:47:02,,,,,,,,,INFO
app-server,checkout_request,/api/v1/checkout,,,,200.0,,2025-09-02 12:47:20,,,,,,,,,INFO
file-service,file_upload,,,,,,,2025-09-02 12:47:43,bob,,,profile.png,image/png,,,,
db-monitor,query_executed,,,,,,,2025-09-02 12:48:04,,,,,,,SELECT * FROM products WHERE category = 'electronics',12.0,
file-service,file_upload,,,,,,,2025-09-02 12:48:23,bob,,,profile.png,image/png,,,,
file-service,file_upload,,,,,,,2025-09-02 12:48:41,bob,,,profile.png,image/png,,,,
api-gateway,api_request,/api/v1/products/456,GET,user123,203.0.113.50,200.0,45.0,2025-09-02 12:49:02,,,,,,,,,
api-gateway,api_request,/api/v1/products/456,GET,user123,203.0.113.50,200.0,45.0,2025-09-02 12:49:25,,,,,,,,,
api-gateway,api_request,/api/v1/products/456,GET,user123,203.0.113.50,200.0,45.0,2025-09-02 12:49:40,,,,,,,,,
auth-server,login_success,,,,203.0.113.10,,,2025-09-02 12:50:05,jane.doe,,,,,,,,
db-monitor,query_executed,,,,,,,2025-09-02 12:50:25,,,,,,,SELECT * FROM products WHERE category = 'electronics',12.0,
db-monitor,query_executed,,,,,,,2025-09-02 12:50:44,,,,,,,SELECT * FROM products WHERE category = 'electronics',12.0,
api-gateway,api_request,/api/v1/products/456,GET,user123,203.0.113.50,200.0,45.0,2025-09-02 12:51:04,,,,,,,,,
auth-server,jwt_refresh,,,,,,,2025-09-02 12:51:23,jane.doe,abcde12345,,,,,,,
file-service,file_upload,,,,,,,2025-09-02 12:51:42,bob,,,profile.png,image/png,,,,
db-monitor,query_executed,,,,,,,2025-09-02 12:52:02,,,,,,,SELECT * FROM products WHERE category = 'electronics',12.0,
ci-cd-pipeline,code_deployment,,,,,,,2025-09-02 12:52:24,jane.doe,,abc123def,,,,,,
db-monitor,query_executed,,,,,,,2025-09-02 12:52:43,,,,,,,SELECT * FROM products WHERE category = 'electronics',12.0,
api-gateway,api_request,/api/v1/products/456,GET,user123,203.0.113.50,200.0,45.0,2025-09-02 12:53:05,,,,,,,,,
file-service,file_upload,,,,,,,2025-09-02 12:53:20,bob,,,profile.png,image/png,,,,
api-gateway,api_request,/api/v1/products/456,GET,user123,203.0.113.50,200.0,45.0,2025-09-02 12:53:44,,,,,,,,,
api-auth,password_reset_request,,,,,,,2025-09-02 12:54:00,,,,,,john.smith@example.com,,,
api-auth,password_reset_request,,,,,,,2025-09-02 12:54:22,,,,,,john.smith@example.com,,,
app-server,checkout_request,/api/v1/checkout,,,,200.0,,2025-09-02 12:54:44,,,,,,,,,INFO
db-monitor,query_executed,,,,,,,2025-09-02 12:55:02,,,,,,,SELECT * FROM products WHERE category = 'electronics',12.0,
ci-cd-pipeline,code_deployment,,,,,,,2025-09-02 12:55:24,jane.doe,,abc123def,,,,,,
auth-server,login_success,,,,203.0.113.10,,,2025-09-02 12:55:43,jane.doe,,,,,,,,
db-monitor,query_executed,,,,,,,2025-09-02 12:56:02,,,,,,,SELECT * FROM products WHERE category = 'electronics',12.0,
auth-server,jwt_refresh,,,,,,,2025-09-02 12:56:24,jane.doe,abcde12345,,,,,,,
file-service,file_upload,,,,,,,2025-09-02 12:56:42,bob,,,profile.png,image/png,,,,
app-server,checkout_request,/api/v1/checkout,,,,200.0,,2025-09-02 12:57:04,,,,,,,,,INFO
api-gateway,api_request,/api/v1/products/456,GET,user123,203.0.113.50,200.0,45.0,2025-09-02 12:57:22,,,,,,,,,
db-monitor,query_executed,,,,,,,2025-09-02 12:57:44,,,,,,,SELECT * FROM products WHERE category = 'electronics',12.0,
file-service,file_upload,,,,,,,2025-09-02 12:58:03,bob,,,profile.png,image/png,,,,
file-service,file_upload,,,,,,,2025-09-02 12:58:21,bob,,,profile.png,image/png,,,,
db-monitor,query_executed,,,,,,,2025-09-02 12:58:44,,,,,,,SELECT * FROM products WHERE category = 'electronics',12.0,
auth-server,jwt_refresh,,,,,,,2025-09-02 12:59:04,jane.doe,abcde12345,,,,,,,
file-service,file_upload,,,,,,,2025-09-02 12:59:22,bob,,,profile.png,image/png,,,,
auth-server,login_success,,,,203.0.113.10,,,2025-09-02 12:59:40,jane.doe,,,,,,,,
auth-server,login_success,,,,203.0.113.10,,,2025-09-02 13:00:01,jane.doe,,,,,,,,
app-server,checkout_request,/api/v1/checkout,,,,200.0,,2025-09-02 13:00:25,,,,,,,,,INFO
auth-server,jwt_refresh,,,,,,,2025-09-02 13:00:40,jane.doe,abcde12345,,,,,,,
api-gateway,api_request,/api/v1/products/456,GET,user123,203.0.113.50,200.0,45.0,2025-09-02 13:01:03,,,,,,,,,
auth-server,jwt_refresh,,,,,,,2025-09-02 13:01:21,jane.doe,abcde12345,,,,,,,
file-service,file_upload,,,,,,,2025-09-02 13:01:42,bob,,,profile.png,image/png,,,,
api-auth,password_reset_request,,,,,,,2025-09-02 13:02:04,,,,,,john.smith@example.com,,,
db-monitor,query_executed,,,,,,,2025-09-02 13:02:23,,,,,,,SELECT * FROM products WHERE category = 'electronics',12.0,
ci-cd-pipeline,code_deployment,,,,,,,2025-09-02 13:02:40,jane.doe,,abc123def,,,,,,
ci-cd-pipeline,code_deployment,,,,,,,2025-09-02 13:03:04,jane.doe,,abc123def,,,,,,
ci-cd-pipeline,code_deployment,,,,,,,2025-09-02 13:03:23,jane.doe,,abc123def,,,,,,
auth-server,jwt_refresh,,,,,,,2025-09-02 13:03:43,jane.doe,abcde12345,,,,,,,
auth-server,login_success,,,,203.0.113.10,,,2025-09-02 13:04:03,jane.doe,,,,,,,,
file-service,file_upload,,,,,,,2025-09-02 13:04:23,bob,,,profile.png,image/png,,,,
auth-server,login_success,,,,203.0.113.10,,,2025-09-02 13:04:41,jane.doe,,,,,,,,
api-gateway,api_request,/api/v1/products/456,GET,user123,203.0.113.50,200.0,45.0,2025-09-02 13:05:04,,,,,,,,,
ci-cd-pipeline,code_deployment,,,,,,,2025-09-02 13:05:25,jane.doe,,abc123def,,,,,,
api-gateway,api_request,/api/v1/products/456,GET,user123,203.0.113.50,200.0,45.0,2025-09-02 13:05:45,,,,,,,,,
file-service,file_upload,,,,,,,2025-09-02 13:06:05,bob,,,profile.png,image/png,,,,
api-auth,password_reset_request,,,,,,,2025-09-02 13:06:23,,,,,,john.smith@example.com,,,
file-service,file_upload,,,,,,,2025-09-02 13:06:43,bob,,,profile.png,image/png,,,,
file-service,file_upload,,,,,,,2025-09-02 13:07:05,bob,,,profile.png,image/png,,,,
api-auth,password_reset_request,,,,,,,2025-09-02 13:07:20,,,,,,john.smith@example.com,,,
auth-server,jwt_refresh,,,,,,,2025-09-02 13:07:40,jane.doe,abcde12345,,,,,,,
auth-server,login_success,,,,203.0.113.10,,,2025-09-02 13:08:04,jane.doe,,,,,,,,
api-auth,password_reset_request,,,,,,,2025-09-02 13:08:23,,,,,,john.smith@example.com,,,
file-service,file_upload,,,,,,,2025-09-02 13:08:45,bob,,,profile.png,image/png,,,,
api-gateway,api_request,/api/v1/products/456,GET,user123,203.0.113.50,200.0,45.0,2025-09-02 13:09:05,,,,,,,,,
file-service,file_upload,,,,,,,2025-09-02 13:09:25,bob,,,profile.png,image/png,,,,
api-auth,password_reset_request,,,,,,,2025-09-02 13:09:44,,,,,,john.smith@example.com,,,
api-auth,password_reset_request,,,,,,,2025-09-02 13:10:00,,,,,,john.smith@example.com,,,
auth-server,login_success,,,,203.0.113.10,,,2025-09-02 13:10:20,jane.doe,,,,,,,,
auth-server,login_success,,,,203.0.113.10,,,2025-09-02 13:10:43,jane.doe,,,,,,,,
api-auth,password_reset_request,,,,,,,2025-09-02 13:11:04,,,,,,john.smith@example.com,,,
app-server,checkout_request,/api/v1/checkout,,,,200.0,,2025-09-02 13:11:23,,,,,,,,,INFO
app-server,checkout_request,/api/v1/checkout,,,,200.0,,2025-09-02 13:11:40,,,,,,,,,INFO
db-monitor,query_executed,,,,,,,2025-09-02 13:12:02,,,,,,,SELECT * FROM products WHERE category = 'electronics',12.0,
ci-cd-pipeline,code_deployment,,,,,,,2025-09-02 13:12:24,jane.doe,,abc123def,,,,,,
app-server,checkout_request,/api/v1/checkout,,,,200.0,,2025-09-02 13:12:43,,,,,,,,,INFO
api-gateway,api_request,/api/v1/products/456,GET,user123,203.0.113.50,200.0,45.0,2025-09-02 13:13:03,,,,,,,,,
file-service,file_upload,,,,,,,2025-09-02 13:13:20,bob,,,profile.png,image/png,,,,
db-monitor,query_executed,,,,,,,2025-09-02 13:13:43,,,,,,,SELECT * FROM products WHERE category = 'electronics',12.0,
api-gateway,api_request,/api/v1/products/456,GET,user123,203.0.113.50,200.0,45.0,2025-09-02 13:14:04,,,,,,,,,
auth-server,jwt_refresh,,,,,,,2025-09-02 13:14:24,jane.doe,abcde12345,,,,,,,
app-server,checkout_request,/api/v1/checkout,,,,200.0,,2025-09-02 13:14:45,,,,,,,,,INFO
db-monitor,query_executed,,,,,,,2025-09-02 13:15:03,,,,,,,SELECT * FROM products WHERE category = 'electronics',12.0,
auth-server,jwt_refresh,,,,,,,2025-09-02 13:15:25,jane.doe,abcde12345,,,,,,,
auth-server,jwt_refresh,,,,,,,2025-09-02 13:15:45,jane.doe,abcde12345,,,,,,,
ci-cd-pipeline,code_deployment,,,,,,,2025-09-02 13:16:05,jane.doe,,abc123def,,,,,,
api-auth,password_reset_request,,,,,,,2025-09-02 13:16:23,,,,,,john.smith@example.com,,,
ci-cd-pipeline,code_deployment,,,,,,,2025-09-02 13:16:43,jane.doe,,abc123def,,,,,,
app-server,checkout_request,/api/v1/checkout,,,,200.0,,2025-09-02 13:17:00,,,,,,,,,INFO
auth-server,login_success,,,,203.0.113.10,,,2025-09-02 13:17:24,jane.doe,,,,,,,,
api-auth,password_reset_request,,,,,,,2025-09-02 13:17:42,,,,,,john.smith@example.com,,,
api-auth,password_reset_request,,,,,,,2025-09-02 13:18:00,,,,,,john.smith@example.com,,,
api-auth,password_reset_request,,,,,,,2025-09-02 13:18:21,,,,,,john.smith@example.com,,,
file-service,file_upload,,,,,,,2025-09-02 13:18:45,bob,,,profile.png,image/png,,,,
ci-cd-pipeline,code_deployment,,,,,,,2025-09-02 13:19:02,jane.doe,,abc123def,,,,,,
app-server,checkout_request,/api/v1/checkout,,,,200.0,,2025-09-02 13:19:22,,,,,,,,,INFO
auth-server,login_success,,,,203.0.113.10,,,2025-09-02 13:19:44,jane.doe,,,,,,,,
app-server,checkout_request,/api/v1/checkout,,,,200.0,,2025-09-02 13:20:04,,,,,,,,,INFO
api-gateway,api_request,/api/v1/products/456,GET,user123,203.0.113.50,200.0,45.0,2025-09-02 13:20:23,,,,,,,,,
api-gateway,api_request,/api/v1/products/456,GET,user123,203.0.113.50,200.0,45.0,2025-09-02 13:20:42,,,,,,,,,
api-gateway,api_request,/api/v1/products/456,GET,user123,203.0.113.50,200.0,45.0,2025-09-02 13:21:05,,,,,,,,,
auth-server,jwt_refresh,,,,,,,2025-09-02 13:21:23,jane.doe,abcde12345,,,,,,,
app-server,checkout_request,/api/v1/checkout,,,,200.0,,2025-09-02 13:21:45,,,,,,,,,INFO
auth-server,login_success,,,,203.0.113.10,,,2025-09-02 13:22:01,jane.doe,,,,,,,,
ci-cd-pipeline,code_deployment,,,,,,,2025-09-02 13:22:22,jane.doe,,abc123def,,,,,,
auth-server,login_success,,,,203.0.113.10,,,2025-09-02 13:22:45,jane.doe,,,,,,,,
api-gateway,api_request,/api/v1/products/456,GET,user123,203.0.113.50,200.0,45.0,2025-09-02 13:23:03,,,,,,,,,
api-gateway,api_request,/api/v1/products/456,GET,user123,203.0.113.50,200.0,45.0,2025-09-02 13:23:20,,,,,,,,,
api-gateway,api_request,/api/v1/products/456,GET,user123,203.0.113.50,200.0,45.0,2025-09-02 13:23:40,,,,,,,,,
db-monitor,query_executed,,,,,,,2025-09-02 13:24:03,,,,,,,SELECT * FROM products WHERE category = 'electronics',12.0,
app-server,checkout_request,/api/v1/checkout,,,,200.0,,2025-09-02 13:24:23,,,,,,,,,INFO
auth-server,login_success,,,,203.0.113.10,,,2025-09-02 13:24:43,jane.doe,,,,,,,,
auth-server,jwt_refresh,,,,,,,2025-09-02 13:25:01,jane.doe,abcde12345,,,,,,,
api-gateway,api_request,/api/v1/products/456,GET,user123,203.0.113.50,200.0,45.0,2025-09-02 13:25:23,,,,,,,,,
api-auth,password_reset_request,,,,,,,2025-09-02 13:25:44,,,,,,john.smith@example.com,,,
ci-cd-pipeline,code_deployment,,,,,,,2025-09-02 13:26:00,jane.doe,,abc123def,,,,,,
db-monitor,query_executed,,,,,,,2025-09-02 13:26:23,,,,,,,SELECT * FROM products WHERE category = 'electronics',12.0,
auth-server,jwt_refresh,,,,,,,2025-09-02 13:26:44,jane.doe,abcde12345,,,,,,,
file-service,file_upload,,,,,,,2025-09-02 13:27:05,bob,,,profile.png,image/png,,,,
auth-server,login_success,,,,203.0.113.10,,,2025-09-02 13:27:23,jane.doe,,,,,,,,
db-monitor,query_executed,,,,,,,2025-09-02 13:27:42,,,,,,,SELECT * FROM products WHERE category = 'electronics',12.0,
file-service,file_upload,,,,,,,2025-09-02 13:28:02,bob,,,profile.png,image/png,,,,
ci-cd-pipeline,code_deployment,,,,,,,2025-09-02 13:28:25,jane.doe,,abc123def,,,,,,
db-monitor,query_executed,,,,,,,2025-09-02 13:28:45,,,,,,,SELECT * FROM products WHERE category = 'electronics',12.0,
file-service,file_upload,,,,,,,2025-09-02 13:29:00,bob,,,profile.png,image/png,,,,
ci-cd-pipeline,code_deployment,,,,,,,2025-09-02 13:29:20,jane.doe,,abc123def,,,,,,
app-server,checkout_request,/api/v1/checkout,,,,200.0,,2025-09-02 13:29:41,,,,,,,,,INFO
auth-server,jwt_refresh,,,,,,,2025-09-02 13:30:05,jane.doe,abcde12345,,,,,,,
app-server,checkout_request,/api/v1/checkout,,,,200.0,,2025-09-02 13:30:25,,,,,,,,,INFO
auth-server,login_success,,,,203.0.113.10,,,2025-09-02 13:30:42,jane.doe,,,,,,,,
file-service,file_upload,,,,,,,2025-09-02 13:31:00,bob,,,profile.png,image/png,,,,
api-gateway,api_request,/api/v1/products/456,GET,user123,203.0.113.50,200.0,45.0,2025-09-02 13:31:22,,,,,,,,,
ci-cd-pipeline,code_deployment,,,,,,,2025-09-02 13:31:42,jane.doe,,abc123def,,,,,,
app-server,checkout_request,/api/v1/checkout,,,,200.0,,2025-09-02 13:32:02,,,,,,,,,INFO
db-monitor,query_executed,,,,,,,2025-09-02 13:32:24,,,,,,,SELECT * FROM products WHERE category = 'electronics',12.0,
db-monitor,query_executed,,,,,,,2025-09-02 13:32:40,,,,,,,SELECT * FROM products WHERE category = 'electronics',12.0,
app-server,checkout_request,/api/v1/checkout,,,,200.0,,2025-09-02 13:33:00,,,,,,,,,INFO
db-monitor,query_executed,,,,,,,2025-09-02 13:33:24,,,,,,,SELECT * FROM products WHERE category = 'electronics',12.0,
auth-server,login_success,,,,203.0.113.10,,,2025-09-02 13:33:40,jane.doe,,,,,,,,
auth-server,jwt_refresh,,,,,,,2025-09-02 13:34:04,jane.doe,abcde12345,,,,,,,
auth-server,jwt_refresh,,,,,,,2025-09-02 13:34:20,jane.doe,abcde12345,,,,,,,
app-server,checkout_request,/api/v1/checkout,,,,200.0,,2025-09-02 13:34:44,,,,,,,,,INFO
api-gateway,api_request,/api/v1/products/456,GET,user123,203.0.113.50,200.0,45.0,2025-09-02 13:35:01,,,,,,,,,
auth-server,jwt_refresh,,,,,,,2025-09-02 13:35:22,jane.doe,abcde12345,,,,,,,
app-server,checkout_request,/api/v1/checkout,,,,200.0,,2025-09-02 13:35:40,,,,,,,,,INFO
db-monitor,query_executed,,,,,,,2025-09-02 13:36:00,,,,,,,SELECT * FROM products WHERE category = 'electronics',12.0,
api-auth,password_reset_request,,,,,,,2025-09-02 13:36:21,,,,,,john.smith@example.com,,,
api-auth,password_reset_request,,,,,,,2025-09-02 13:36:42,,,,,,john.smith@example.com,,,
app-server,checkout_request,/api/v1/checkout,,,,200.0,,2025-09-02 13:37:04,,,,,,,,,INFO
auth-server,login_success,,,,203.0.113.10,,,2025-09-02 13:37:20,jane.doe,,,,,,,,
auth-server,jwt_refresh,,,,,,,2025-09-02 13:37:45,jane.doe,abcde12345,,,,,,,
db-monitor,query_executed,,,,,,,2025-09-02 13:38:03,,,,,,,SELECT * FROM products WHERE category = 'electronics',12.0,
api-auth,password_reset_request,,,,,,,2025-09-02 13:38:24,,,,,,john.smith@example.com,,,
app-server,checkout_request,/api/v1/checkout,,,,200.0,,2025-09-02 13:38:44,,,,,,,,,INFO
app-server,checkout_request,/api/v1/checkout,,,,200.0,,2025-09-02 13:39:04,,,,,,,,,INFO
auth-server,login_success,,,,203.0.113.10,,,2025-09-02 13:39:24,jane.doe,,,,,,,,
file-service,file_upload,,,,,,,2025-09-02 13:39:45,bob,,,profile.png,image/png,,,,
db-monitor,query_executed,,,,,,,2025-09-02 13:40:02,,,,,,,SELECT * FROM products WHERE category = 'electronics',12.0,
auth-server,jwt_refresh,,,,,,,2025-09-02 13:40:23,jane.doe,abcde12345,,,,,,,
auth-server,login_success,,,,203.0.113.10,,,2025-09-02 13:40:40,jane.doe,,,,,,,,
app-server,checkout_request,/api/v1/checkout,,,,200.0,,2025-09-02 13:41:05,,,,,,,,,INFO
api-auth,password_reset_request,,,,,,,2025-09-02 13:41:23,,,,,,john.smith@example.com,,,
app-server,checkout_request,/api/v1/checkout,,,,200.0,,2025-09-02 13:41:41,,,,,,,,,INFO
auth-server,login_success,,,,203.0.113.10,,,2025-09-02 13:42:04,jane.doe,,,,,,,,
ci-cd-pipeline,code_deployment,,,,,,,2025-09-02 13:42:25,jane.doe,,abc123def,,,,,,
app-server,checkout_request,/api/v1/checkout,,,,200.0,,2025-09-02 13:42:42,,,,,,,,,INFO
app-server,checkout_request,/api/v1/checkout,,,,200.0,,2025-09-02 13:43:05,,,,,,,,,INFO
ci-cd-pipeline,code_deployment,,,,,,,2025-09-02 13:43:24,jane.doe,,abc123def,,,,,,
file-service,file_upload,,,,,,,2025-09-02 13:43:44,bob,,,profile.png,image/png,,,,
auth-server,login_success,,,,203.0.113.10,,,2025-09-02 13:44:01,jane.doe,,,,,,,,
file-service,file_upload,,,,,,,2025-09-02 13:44:21,bob,,,profile.png,image/png,,,,
file-service,file_upload,,,,,,,2025-09-02 13:44:45,bob,,,profile.png,image/png,,,,
ci-cd-pipeline,code_deployment,,,,,,,2025-09-02 13:45:03,jane.doe,,abc123def,,,,,,
app-server,checkout_request,/api/v1/checkout,,,,200.0,,2025-09-02 13:45:25,,,,,,,,,INFO
api-gateway,api_request,/api/v1/products/456,GET,user123,203.0.113.50,200.0,45.0,2025-09-02 13:45:40,,,,,,,,,
ci-cd-pipeline,code_deployment,,,,,,,2025-09-02 13:46:04,jane.doe,,abc123def,,,,,,
auth-server,jwt_refresh,,,,,,,2025-09-02 13:46:20,jane.doe,abcde12345,,,,,,,
auth-server,login_success,,,,203.0.113.10,,,2025-09-02 13:46:45,jane.doe,,,,,,,,
file-service,file_upload,,,,,,,2025-09-02 13:47:05,bob,,,profile.png,image/png,,,,
auth-server,login_success,,,,203.0.113.10,,,2025-09-02 13:47:24,jane.doe,,,,,,,,
app-server,checkout_request,/api/v1/checkout,,,,200.0,,2025-09-02 13:47:42,,,,,,,,,INFO
app-server,checkout_request,/api/v1/checkout,,,,200.0,,2025-09-02 13:48:05,,,,,,,,,INFO
api-auth,password_reset_request,,,,,,,2025-09-02 13:48:25,,,,,,john.smith@example.com,,,
api-gateway,api_request,/api/v1/products/456,GET,user123,203.0.113.50,200.0,45.0,2025-09-02 13:48:44,,,,,,,,,
api-auth,password_reset_request,,,,,,,2025-09-02 13:49:02,,,,,,john.smith@example.com,,,
ci-cd-pipeline,code_deployment,,,,,,,2025-09-02 13:49:20,jane.doe,,abc123def,,,,,,
ci-cd-pipeline,code_deployment,,,,,,,2025-09-02 13:49:40,jane.doe,,abc123def,,,,,,
db-monitor,query_executed,,,,,,,2025-09-02 13:50:02,,,,,,,SELECT * FROM products WHERE category = 'electronics',12.0,
file-service,file_upload,,,,,,,2025-09-02 13:50:22,bob,,,profile.png,image/png,,,,
api-gateway,api_request,/api/v1/products/456,GET,user123,203.0.113.50,200.0,45.0,2025-09-02 13:50:40,,,,,,,,,
api-gateway,api_request,/api/v1/products/456,GET,user123,203.0.113.50,200.0,45.0,2025-09-02 13:51:00,,,,,,,,,
auth-server,jwt_refresh,,,,,,,2025-09-02 13:51:24,jane.doe,abcde12345,,,,,,,
ci-cd-pipeline,code_deployment,,,,,,,2025-09-02 13:51:45,jane.doe,,abc123def,,,,,,
db-monitor,query_executed,,,,,,,2025-09-02 13:52:05,,,,,,,SELECT * FROM products WHERE category = 'electronics',12.0,
auth-server,login_success,,,,203.0.113.10,,,2025-09-02 13:52:20,jane.doe,,,,,,,,
file-service,file_upload,,,,,,,2025-09-02 13:52:45,bob,,,profile.png,image/png,,,,
db-monitor,query_executed,,,,,,,2025-09-02 13:53:03,,,,,,,SELECT * FROM products WHERE category = 'electronics',12.0,
file-service,file_upload,,,,,,,2025-09-02 13:53:24,bob,,,profile.png,image/png,,,,
api-auth,password_reset_request,,,,,,,2025-09-02 13:53:42,,,,,,john.smith@example.com,,,
file-service,file_upload,,,,,,,2025-09-02 13:54:02,bob,,,profile.png,image/png,,,,
app-server,checkout_request,/api/v1/checkout,,,,200.0,,2025-09-02 13:54:24,,,,,,,,,INFO
app-server,checkout_request,/api/v1/checkout,,,,200.0,,2025-09-02 13:54:40,,,,,,,,,INFO
ci-cd-pipeline,code_deployment,,,,,,,2025-09-02 13:55:05,jane.doe,,abc123def,,,,,,
auth-server,jwt_refresh,,,,,,,2025-09-02 13:55:24,jane.doe,abcde12345,,,,,,,
db-monitor,query_executed,,,,,,,2025-09-02 13:55:40,,,,,,,SELECT * FROM products WHERE category = 'electronics',12.0,
api-auth,password_reset_request,,,,,,,2025-09-02 13:56:00,,,,,,john.smith@example.com,,,
db-monitor,query_executed,,,,,,,2025-09-02 13:56:20,,,,,,,SELECT * FROM products WHERE category = 'electronics',12.0,
auth-server,jwt_refresh,,,,,,,2025-09-02 13:56:45,jane.doe,abcde12345,,,,,,,
db-monitor,query_executed,,,,,,,2025-09-02 13:57:04,,,,,,,SELECT * FROM products WHERE category = 'electronics',12.0,
file-service,file_upload,,,,,,,2025-09-02 13:57:24,bob,,,profile.png,image/png,,,,
db-monitor,query_executed,,,,,,,2025-09-02 13:57:43,,,,,,,SELECT * FROM products WHERE category = 'electronics',12.0,
db-monitor,query_executed,,,,,,,2025-09-02 13:58:01,,,,,,,SELECT * FROM products WHERE category = 'electronics',12.0,
file-service,file_upload,,,,,,,2025-09-02 13:58:23,bob,,,profile.png,image/png,,,,
ci-cd-pipeline,code_deployment,,,,,,,2025-09-02 13:58:44,jane.doe,,abc123def,,,,,,
auth-server,login_success,,,,203.0.113.10,,,2025-09-02 13:59:03,jane.doe,,,,,,,,
api-gateway,api_request,/api/v1/products/456,GET,user123,203.0.113.50,200.0,45.0,2025-09-02 13:59:24,,,,,,,,,
app-server,checkout_request,/api/v1/checkout,,,,200.0,,2025-09-02 13:59:44,,,,,,,,,INFO
file-service,file_upload,,,,,,,2025-09-02 14:00:01,bob,,,profile.png,image/png,,,,
app-server,checkout_request,/api/v1/checkout,,,,200.0,,2025-09-02 14:00:21,,,,,,,,,INFO
api-gateway,api_request,/api/v1/products/456,GET,user123,203.0.113.50,200.0,45.0,2025-09-02 14:00:40,,,,,,,,,
db-monitor,query_executed,,,,,,,2025-09-02 14:01:04,,,,,,,SELECT * FROM products WHERE category = 'electronics',12.0,
app-server,checkout_request,/api/v1/checkout,,,,200.0,,2025-09-02 14:01:22,,,,,,,,,INFO
file-service,file_upload,,,,,,,2025-09-02 14:01:42,bob,,,profile.png,image/png,,,,
app-server,checkout_request,/api/v1/checkout,,,,200.0,,2025-09-02 14:02:01,,,,,,,,,INFO
db-monitor,query_executed,,,,,,,2025-09-02 14:02:20,,,,,,,SELECT * FROM products WHERE category = 'electronics',12.0,
app-server,checkout_request,/api/v1/checkout,,,,200.0,,2025-09-02 14:02:40,,,,,,,,,INFO
file-service,file_upload,,,,,,,2025-09-02 14:03:00,bob,,,profile.png,image/png,,,,
db-monitor,query_executed,,,,,,,2025-09-02 14:03:22,,,,,,,SELECT * FROM products WHERE category = 'electronics',12.0,
auth-server,login_success,,,,203.0.113.10,,,2025-09-02 14:03:44,jane.doe,,,,,,,,
file-service,file_upload,,,,,,,2025-09-02 14:04:04,bob,,,profile.png,image/png,,,,
api-auth,password_reset_request,,,,,,,2025-09-02 14:04:21,,,,,,john.smith@example.com,,,
file-service,file_upload,,,,,,,2025-09-02 14:04:44,bob,,,profile.png,image/png,,,,
auth-server,login_success,,,,203.0.113.10,,,2025-09-02 14:05:05,jane.doe,,,,,,,,
app-server,checkout_request,/api/v1/checkout,,,,200.0,,2025-09-02 14:05:21,,,,,,,,,INFO
api-auth,password_reset_request,,,,,,,2025-09-02 14:05:43,,,,,,john.smith@example.com,,,
ci-cd-pipeline,code_deployment,,,,,,,2025-09-02 14:06:05,jane.doe,,abc123def,,,,,,
auth-server,jwt_refresh,,,,,,,2025-09-02 14:06:25,jane.doe,abcde12345,,,,,,,
app-server,checkout_request,/api/v1/checkout,,,,200.0,,2025-09-02 14:06:40,,,,,,,,,INFO
auth-server,jwt_refresh,,,,,,,2025-09-02 14:07:01,jane.doe,abcde12345,,,,,,,
api-gateway,api_request,/api/v1/products/456,GET,user123,203.0.113.50,200.0,45.0,2025-09-02 14:07:24,,,,,,,,,
file-service,file_upload,,,,,,,2025-09-02 14:07:41,bob,,,profile.png,image/png,,,,
api-gateway,api_request,/api/v1/products/456,GET,user123,203.0.113.50,200.0,45.0,2025-09-02 14:08:02,,,,,,,,,
auth-server,login_success,,,,203.0.113.10,,,2025-09-02 14:08:22,jane.doe,,,,,,,,
file-service,file_upload,,,,,,,2025-09-02 14:08:45,bob,,,profile.png,image/png,,,,
auth-server,jwt_refresh,,,,,,,2025-09-02 14:09:00,jane.doe,abcde12345,,,,,,,
auth-server,login_success,,,,203.0.113.10,,,2025-09-02 14:09:24,jane.doe,,,,,,,,
auth-server,jwt_refresh,,,,,,,2025-09-02 14:09:44,jane.doe,abcde12345,,,,,,,
db-monitor,query_executed,,,,,,,2025-09-02 14:10:04,,,,,,,SELECT * FROM products WHERE category = 'electronics',12.0,
db-monitor,query_executed,,,,,,,2025-09-02 14:10:24,,,,,,,SELECT * FROM products WHERE category = 'electronics',12.0,
db-monitor,query_executed,,,,,,,2025-09-02 14:10:42,,,,,,,SELECT * FROM products WHERE category = 'electronics',12.0,
auth-server,login_success,,,,203.0.113.10,,,2025-09-02 14:11:04,jane.doe,,,,,,,,
app-server,checkout_request,/api/v1/checkout,,,,200.0,,2025-09-02 14:11:23,,,,,,,,,INFO
app-server,checkout_request,/api/v1/checkout,,,,200.0,,2025-09-02 14:11:45,,,,,,,,,INFO
auth-server,login_success,,,,203.0.113.10,,,2025-09-02 14:12:05,jane.doe,,,,,,,,
auth-server,jwt_refresh,,,,,,,2025-09-02 14:12:24,jane.doe,abcde12345,,,,,,,
app-server,checkout_request,/api/v1/checkout,,,,200.0,,2025-09-02 14:12:40,,,,,,,,,INFO
db-monitor,query_executed,,,,,,,2025-09-02 14:13:04,,,,,,,SELECT * FROM products WHERE category = 'electronics',12.0,
api-auth,password_reset_request,,,,,,,2025-09-02 14:13:25,,,,,,john.smith@example.com,,,
ci-cd-pipeline,code_deployment,,,,,,,2025-09-02 14:13:41,jane.doe,,abc123def,,,,,,
api-gateway,api_request,/api/v1/products/456,GET,user123,203.0.113.50,200.0,45.0,2025-09-02 14:14:04,,,,,,,,,
app-server,checkout_request,/api/v1/checkout,,,,200.0,,2025-09-02 14:14:24,,,,,,,,,INFO
api-auth,password_reset_request,,,,,,,2025-09-02 14:14:45,,,,,,john.smith@example.com,,,
auth-server,jwt_refresh,,,,,,,2025-09-02 14:15:03,jane.doe,abcde12345,,,,,,,
db-monitor,query_executed,,,,,,,2025-09-02 14:15:24,,,,,,,SELECT * FROM products WHERE category = 'electronics',12.0,
api-auth,password_reset_request,,,,,,,2025-09-02 14:15:41,,,,,,john.smith@example.com,,,
api-gateway,api_request,/api/v1/products/456,GET,user123,203.0.113.50,200.0,45.0,2025-09-02 14:16:03,,,,,,,,,
db-monitor,query_executed,,,,,,,2025-09-02 14:16:21,,,,,,,SELECT * FROM products WHERE category = 'electronics',12.0,
auth-server,login_success,,,,203.0.113.10,,,2025-09-02 14:16:44,jane.doe,,,,,,,,
db-monitor,query_executed,,,,,,,2025-09-02 14:17:03,,,,,,,SELECT * FROM products WHERE category = 'electronics',12.0,
db-monitor,query_executed,,,,,,,2025-09-02 14:17:22,,,,,,,SELECT * FROM products WHERE category = 'electronics',12.0,
auth-server,login_success,,,,203.0.113.10,,,2025-09-02 14:17:42,jane.doe,,,,,,,,
db-monitor,query_executed,,,,,,,2025-09-02 14:18:00,,,,,,,SELECT * FROM products WHERE category = 'electronics',12.0,
api-gateway,api_request,/api/v1/products/456,GET,user123,203.0.113.50,200.0,45.0,2025-09-02 14:18:20,,,,,,,,,
api-auth,password_reset_request,,,,,,,2025-09-02 14:18:42,,,,,,john.smith@example.com,,,
auth-server,login_success,,,,203.0.113.10,,,2025-09-02 14:19:05,jane.doe,,,,,,,,
auth-server,jwt_refresh,,,,,,,2025-09-02 14:19:24,jane.doe,abcde12345,,,,,,,
db-monitor,query_executed,,,,,,,2025-09-02 14:19:40,,,,,,,SELECT * FROM products WHERE category = 'electronics',12.0,
ci-cd-pipeline,code_deployment,,,,,,,2025-09-02 14:20:03,jane.doe,,abc123def,,,,,,
api-gateway,api_request,/api/v1/products/456,GET,user123,203.0.113.50,200.0,45.0,2025-09-02 14:20:25,,,,,,,,,
file-service,file_upload,,,,,,,2025-09-02 14:20:41,bob,,,profile.png,image/png,,,,
auth-server,login_success,,,,203.0.113.10,,,2025-09-02 14:21:04,jane.doe,,,,,,,,
db-monitor,query_executed,,,,,,,2025-09-02 14:21:21,,,,,,,SELECT * FROM products WHERE category = 'electronics',12.0,
auth-server,login_success,,,,203.0.113.10,,,2025-09-02 14:21:43,jane.doe,,,,,,,,
ci-cd-pipeline,code_deployment,,,,,,,2025-09-02 14:22:03,jane.doe,,abc123def,,,,,,
file-service,file_upload,,,,,,,2025-09-02 14:22:21,bob,,,profile.png,image/png,,,,
auth-server,login_success,,,,203.0.113.10,,,2025-09-02 14:22:41,jane.doe,,,,,,,,
auth-server,jwt_refresh,,,,,,,2025-09-02 14:23:02,jane.doe,abcde12345,,,,,,,
ci-cd-pipeline,code_deployment,,,,,,,2025-09-02 14:23:20,jane.doe,,abc123def,,,,,,
auth-server,login_success,,,,203.0.113.10,,,2025-09-02 14:23:45,jane.doe,,,,,,,,
api-auth,password_reset_request,,,,,,,2025-09-02 14:24:00,,,,,,john.smith@example.com,,,
file-service,file_upload,,,,,,,2025-09-02 14:24:24,bob,,,profile.png,image/png,,,,
api-gateway,api_request,/api/v1/products/456,GET,user123,203.0.113.50,200.0,45.0,2025-09-02 14:24:41,,,,,,,,,
api-gateway,api_request,/api/v1/products/456,GET,user123,203.0.113.50,200.0,45.0,2025-09-02 14:25:04,,,,,,,,,
ci-cd-pipeline,code_deployment,,,,,,,2025-09-02 14:25:25,jane.doe,,abc123def,,,,,,
db-monitor,query_executed,,,,,,,2025-09-02 14:25:44,,,,,,,SELECT * FROM products WHERE category = 'electronics',12.0,
file-service,file_upload,,,,,,,2025-09-02 14:26:00,bob,,,profile.png,image/png,,,,
api-gateway,api_request,/api/v1/products/456,GET,user123,203.0.113.50,200.0,45.0,2025-09-02 14:26:20,,,,,,,,,
app-server,checkout_request,/api/v1/checkout,,,,200.0,,2025-09-02 14:26:44,,,,,,,,,INFO
api-auth,password_reset_request,,,,,,,2025-09-02 14:27:05,,,,,,john.smith@example.com,,,
ci-cd-pipeline,code_deployment,,,,,,,2025-09-02 14:27:22,jane.doe,,abc123def,,,,,,
auth-server,login_success,,,,203.0.113.10,,,2025-09-02 14:27:44,jane.doe,,,,,,,,
ci-cd-pipeline,code_deployment,,,,,,,2025-09-02 14:28:05,jane.doe,,abc123def,,,,,,
auth-server,jwt_refresh,,,,,,,2025-09-02 14:28:24,jane.doe,abcde12345,,,,,,,
api-gateway,api_request,/api/v1/products/456,GET,user123,203.0.113.50,200.0,45.0,2025-09-02 14:28:43,,,,,,,,,
auth-server,jwt_refresh,,,,,,,2025-09-02 14:29:02,jane.doe,abcde12345,,,,,,,
db-monitor,query_executed,,,,,,,2025-09-02 14:29:24,,,,,,,SELECT * FROM products WHERE category = 'electronics',12.0,
auth-server,jwt_refresh,,,,,,,2025-09-02 14:29:45,jane.doe,abcde12345,,,,,,,
file-service,file_upload,,,,,,,2025-09-02 14:30:01,bob,,,profile.png,image/png,,,,
api-auth,password_reset_request,,,,,,,2025-09-02 14:30:20,,,,,,john.smith@example.com,,,
api-auth,password_reset_request,,,,,,,2025-09-02 14:30:42,,,,,,john.smith@example.com,,,
api-gateway,api_request,/api/v1/products/456,GET,user123,203.0.113.50,200.0,45.0,2025-09-02 14:31:03,,,,,,,,,
app-server,checkout_request,/api/v1/checkout,,,,200.0,,2025-09-02 14:31:21,,,,,,,,,INFO
app-server,checkout_request,/api/v1/checkout,,,,200.0,,2025-09-02 14:31:42,,,,,,,,,INFO
db-monitor,query_executed,,,,,,,2025-09-02 14:32:04,,,,,,,SELECT * FROM products WHERE category = 'electronics',12.0,
api-gateway,api_request,/api/v1/products/456,GET,user123,203.0.113.50,200.0,45.0,2025-09-02 14:32:21,,,,,,,,,
file-service,file_upload,,,,,,,2025-09-02 14:32:40,bob,,,profile.png,image/png,,,,
ci-cd-pipeline,code_deployment,,,,,,,2025-09-02 14:33:03,jane.doe,,abc123def,,,,,,
auth-server,login_success,,,,203.0.113.10,,,2025-09-02 14:33:22,jane.doe,,,,,,,,
auth-server,jwt_refresh,,,,,,,2025-09-02 14:33:43,jane.doe,abcde12345,,,,,,,
auth-server,jwt_refresh,,,,,,,2025-09-02 14:34:01,jane.doe,abcde12345,,,,,,,
api-auth,password_reset_request,,,,,,,2025-09-02 14:34:22,,,,,,john.smith@example.com,,,
file-service,file_upload,,,,,,,2025-09-02 14:34:41,bob,,,profile.png,image/png,,,,
app-server,checkout_request,/api/v1/checkout,,,,200.0,,2025-09-02 14:35:03,,,,,,,,,INFO
db-monitor,query_executed,,,,,,,2025-09-02 14:35:25,,,,,,,SELECT * FROM products WHERE category = 'electronics',12.0,
auth-server,jwt_refresh,,,,,,,2025-09-02 14:35:45,jane.doe,abcde12345,,,,,,,
auth-server,jwt_refresh,,,,,,,2025-09-02 14:36:00,jane.doe,abcde12345,,,,,,,
db-monitor,query_executed,,,,,,,2025-09-02 14:36:25,,,,,,,SELECT * FROM products WHERE category = 'electronics',12.0,
ci-cd-pipeline,code_deployment,,,,,,,2025-09-02 14:36:42,jane.doe,,abc123def,,,,,,
api-gateway,api_request,/api/v1/products/456,GET,user123,203.0.113.50,200.0,45.0,2025-09-02 14:37:00,,,,,,,,,
auth-server,jwt_refresh,,,,,,,2025-09-02 14:37:21,jane.doe,abcde12345,,,,,,,
db-monitor,query_executed,,,,,,,2025-09-02 14:37:42,,,,,,,SELECT * FROM products WHERE category = 'electronics',12.0,
api-auth,password_reset_request,,,,,,,2025-09-02 14:38:02,,,,,,john.smith@example.com,,,
auth-server,jwt_refresh,,,,,,,2025-09-02 14:38:25,jane.doe,abcde12345,,,,,,,
api-auth,password_reset_request,,,,,,,2025-09-02 14:38:43,,,,,,john.smith@example.com,,,
file-service,file_upload,,,,,,,2025-09-02 14:39:03,bob,,,profile.png,image/png,,,,
file-service,file_upload,,,,,,,2025-09-02 14:39:25,bob,,,profile.png,image/png,,,,
auth-server,login_success,,,,203.0.113.10,,,2025-09-02 14:39:42,jane.doe,,,,,,,,
ci-cd-pipeline,code_deployment,,,,,,,2025-09-02 14:40:02,jane.doe,,abc123def,,,,,,
db-monitor,query_executed,,,,,,,2025-09-02 14:40:21,,,,,,,SELECT * FROM products WHERE category = 'electronics',12.0,
auth-server,login_success,,,,203.0.113.10,,,2025-09-02 14:40:43,jane.doe,,,,,,,,
db-monitor,query_executed,,,,,,,2025-09-02 14:41:01,,,,,,,SELECT * FROM products WHERE category = 'electronics',12.0,
api-gateway,api_request,/api/v1/products/456,GET,user123,203.0.113.50,200.0,45.0,2025-09-02 14:41:23,,,,,,,,,
auth-server,login_success,,,,203.0.113.10,,,2025-09-02 14:41:43,jane.doe,,,,,,,,
file-service,file_upload,,,,,,,2025-09-02 14:42:02,bob,,,profile.png,image/png,,,,
app-server,checkout_request,/api/v1/checkout,,,,200.0,,2025-09-02 14:42:25,,,,,,,,,INFO
auth-server,login_success,,,,203.0.113.10,,,2025-09-02 14:42:41,jane.doe,,,,,,,,
api-gateway,api_request,/api/v1/products/456,GET,user123,203.0.113.50,200.0,45.0,2025-09-02 14:43:00,,,,,,,,,
file-service,file_upload,,,,,,,2025-09-02 14:43:20,bob,,,profile.png,image/png,,,,
ci-cd-pipeline,code_deployment,,,,,,,2025-09-02 14:43:45,jane.doe,,abc123def,,,,,,
file-service,file_upload,,,,,,,2025-09-02 14:44:04,bob,,,profile.png,image/png,,,,
api-gateway,api_request,/api/v1/products/456,GET,user123,203.0.113.50,200.0,45.0,2025-09-02 14:44:25,,,,,,,,,
auth-server,jwt_refresh,,,,,,,2025-09-02 14:44:42,jane.doe,abcde12345,,,,,,,
db-monitor,query_executed,,,,,,,2025-09-02 14:45:02,,,,,,,SELECT * FROM products WHERE category = 'electronics',12.0,
auth-server,login_success,,,,203.0.113.10,,,2025-09-02 14:45:22,jane.doe,,,,,,,,
auth-server,login_success,,,,203.0.113.10,,,2025-09-02 14:45:41,jane.doe,,,,,,,,
db-monitor,query_executed,,,,,,,2025-09-02 14:46:02,,,,,,,SELECT * FROM products WHERE category = 'electronics',12.0,
file-service,file_upload,,,,,,,2025-09-02 14:46:23,bob,,,profile.png,image/png,,,,
auth-server,login_success,,,,203.0.113.10,,,2025-09-02 14:46:45,jane.doe,,,,,,,,
auth-server,login_success,,,,203.0.113.10,,,2025-09-02 14:47:00,jane.doe,,,,,,,,
auth-server,jwt_refresh,,,,,,,2025-09-02 14:47:23,jane.doe,abcde12345,,,,,,,
auth-server,login_success,,,,203.0.113.10,,,2025-09-02 14:47:43,jane.doe,,,,,,,,
api-gateway,api_request,/api/v1/products/456,GET,user123,203.0.113.50,200.0,45.0,2025-09-02 14:48:02,,,,,,,,,
auth-server,login_success,,,,203.0.113.10,,,2025-09-02 14:48:23,jane.doe,,,,,,,,
api-auth,password_reset_request,,,,,,,2025-09-02 14:48:42,,,,,,john.smith@example.com,,,
ci-cd-pipeline,code_deployment,,,,,,,2025-09-02 14:49:02,jane.doe,,abc123def,,,,,,
api-gateway,api_request,/api/v1/products/456,GET,user123,203.0.113.50,200.0,45.0,2025-09-02 14:49:25,,,,,,,,,
ci-cd-pipeline,code_deployment,,,,,,,2025-09-02 14:49:45,jane.doe,,abc123def,,,,,,
auth-server,login_success,,,,203.0.113.10,,,2025-09-02 14:50:05,jane.doe,,,,,,,,
db-monitor,query_executed,,,,,,,2025-09-02 14:50:21,,,,,,,SELECT * FROM products WHERE category = 'electronics',12.0,
ci-cd-pipeline,code_deployment,,,,,,,2025-09-02 14:50:45,jane.doe,,abc123def,,,,,,
app-server,checkout_request,/api/v1/checkout,,,,200.0,,2025-09-02 14:51:00,,,,,,,,,INFO
app-server,checkout_request,/api/v1/checkout,,,,200.0,,2025-09-02 14:51:25,,,,,,,,,INFO
auth-server,login_success,,,,203.0.113.10,,,2025-09-02 14:51:41,jane.doe,,,,,,,,
api-auth,password_reset_request,,,,,,,2025-09-02 14:52:00,,,,,,john.smith@example.com,,,
ci-cd-pipeline,code_deployment,,,,,,,2025-09-02 14:52:22,jane.doe,,abc123def,,,,,,
auth-server,jwt_refresh,,,,,,,2025-09-02 14:52:45,jane.doe,abcde12345,,,,,,,
auth-server,jwt_refresh,,,,,,,2025-09-02 14:53:03,jane.doe,abcde12345,,,,,,,
db-monitor,query_executed,,,,,,,2025-09-02 14:53:22,,,,,,,SELECT * FROM products WHERE category = 'electronics',12.0,
api-gateway,api_request,/api/v1/products/456,GET,user123,203.0.113.50,200.0,45.0,2025-09-02 14:53:40,,,,,,,,,
ci-cd-pipeline,code_deployment,,,,,,,2025-09-02 14:54:02,jane.doe,,abc123def,,,,,,
app-server,checkout_request,/api/v1/checkout,,,,200.0,,2025-09-02 14:54:23,,,,,,,,,INFO
auth-server,login_success,,,,203.0.113.10,,,2025-09-02 14:54:44,jane.doe,,,,,,,,
auth-server,login_success,,,,203.0.113.10,,,2025-09-02 14:55:03,jane.doe,,,,,,,,
auth-server,login_success,,,,203.0.113.10,,,2025-09-02 14:55:22,jane.doe,,,,,,,,
app-server,checkout_request,/api/v1/checkout,,,,200.0,,2025-09-02 14:55:43,,,,,,,,,INFO
ci-cd-pipeline,code_deployment,,,,,,,2025-09-02 14:56:05,jane.doe,,abc123def,,,,,,
db-monitor,query_executed,,,,,,,2025-09-02 14:56:25,,,,,,,SELECT * FROM products WHERE category = 'electronics',12.0,
api-gateway,api_request,/api/v1/products/456,GET,user123,203.0.113.50,200.0,45.0,2025-09-02 14:56:40,,,,,,,,,
file-service,file_upload,,,,,,,2025-09-02 14:57:03,bob,,,profile.png,image/png,,,,
db-monitor,query_executed,,,,,,,2025-09-02 14:57:20,,,,,,,SELECT * FROM products WHERE category = 'electronics',12.0,
file-service,file_upload,,,,,,,2025-09-02 14:57:43,bob,,,profile.png,image/png,,,,
auth-server,login_success,,,,203.0.113.10,,,2025-09-02 14:58:04,jane.doe,,,,,,,,
auth-server,login_success,,,,203.0.113.10,,,2025-09-02 14:58:24,jane.doe,,,,,,,,
api-auth,password_reset_request,,,,,,,2025-09-02 14:58:42,,,,,,john.smith@example.com,,,
db-monitor,query_executed,,,,,,,2025-09-02 14:59:02,,,,,,,SELECT * FROM products WHERE category = 'electronics',12.0,
api-auth,password_reset_request,,,,,,,2025-09-02 14:59:20,,,,,,john.smith@example.com,,,
auth-server,jwt_refresh,,,,,,,2025-09-02 14:59:40,jane.doe,abcde12345,,,,,,,
auth-server,login_success,,,,203.0.113.10,,,2025-09-02 15:00:04,jane.doe,,,,,,,,
auth-server,jwt_refresh,,,,,,,2025-09-02 15:00:23,jane.doe,abcde12345,,,,,,,
db-monitor,query_executed,,,,,,,2025-09-02 15:00:41,,,,,,,SELECT * FROM products WHERE category = 'electronics',12.0,
auth-server,login_success,,,,203.0.113.10,,,2025-09-02 15:01:03,jane.doe,,,,,,,,
api-auth,password_reset_request,,,,,,,2025-09-02 15:01:23,,,,,,john.smith@example.com,,,
api-gateway,api_request,/api/v1/products/456,GET,user123,203.0.113.50,200.0,45.0,2025-09-02 15:01:45,,,,,,,,,
auth-server,jwt_refresh,,,,,,,2025-09-02 15:02:01,jane.doe,abcde12345,,,,,,,
api-gateway,api_request,/api/v1/products/456,GET,user123,203.0.113.50,200.0,45.0,2025-09-02 15:02:25,,,,,,,,,
file-service,file_upload,,,,,,,2025-09-02 15:02:44,bob,,,profile.png,image/png,,,,
api-gateway,api_request,/api/v1/products/456,GET,user123,203.0.113.50,200.0,45.0,2025-09-02 15:03:03,,,,,,,,,
auth-server,login_success,,,,203.0.113.10,,,2025-09-02 15:03:25,jane.doe,,,,,,,,
auth-server,jwt_refresh,,,,,,,2025-09-02 15:03:42,jane.doe,abcde12345,,,,,,,
app-server,checkout_request,/api/v1/checkout,,,,200.0,,2025-09-02 15:04:05,,,,,,,,,INFO
app-server,checkout_request,/api/v1/checkout,,,,200.0,,2025-09-02 15:04:23,,,,,,,,,INFO
api-gateway,api_request,/api/v1/products/456,GET,user123,203.0.113.50,200.0,45.0,2025-09-02 15:04:45,,,,,,,,,
auth-server,jwt_refresh,,,,,,,2025-09-02 15:05:03,jane.doe,abcde12345,,,,,,,
app-server,checkout_request,/api/v1/checkout,,,,200.0,,2025-09-02 15:05:20,,,,,,,,,INFO
auth-server,login_success,,,,203.0.113.10,,,2025-09-02 15:05:44,jane.doe,,,,,,,,
auth-server,login_success,,,,203.0.113.10,,,2025-09-02 15:06:05,jane.doe,,,,,,,,
auth-server,jwt_refresh,,,,,,,2025-09-02 15:06:20,jane.doe,abcde12345,,,,,,,
db-monitor,query_executed,,,,,,,2025-09-02 15:06:45,,,,,,,SELECT * FROM products WHERE category = 'electronics',12.0,
db-monitor,query_executed,,,,,,,2025-09-02 15:07:03,,,,,,,SELECT * FROM products WHERE category = 'electronics',12.0,
api-auth,password_reset_request,,,,,,,2025-09-02 15:07:24,,,,,,john.smith@example.com,,,
ci-cd-pipeline,code_deployment,,,,,,,2025-09-02 15:07:42,jane.doe,,abc123def,,,,,,
auth-server,jwt_refresh,,,,,,,2025-09-02 15:08:05,jane.doe,abcde12345,,,,,,,
auth-server,login_success,,,,203.0.113.10,,,2025-09-02 15:08:24,jane.doe,,,,,,,,
api-auth,password_reset_request,,,,,,,2025-09-02 15:08:43,,,,,,john.smith@example.com,,,
app-server,checkout_request,/api/v1/checkout,,,,200.0,,2025-09-02 15:09:02,,,,,,,,,INFO
api-gateway,api_request,/api/v1/products/456,GET,user123,203.0.113.50,200.0,45.0,2025-09-02 15:09:20,,,,,,,,,
db-monitor,query_executed,,,,,,,2025-09-02 15:09:40,,,,,,,SELECT * FROM products WHERE category = 'electronics',12.0,
db-monitor,query_executed,,,,,,,2025-09-02 15:10:02,,,,,,,SELECT * FROM products WHERE category = 'electronics',12.0,
api-gateway,api_request,/api/v1/products/456,GET,user123,203.0.113.50,200.0,45.0,2025-09-02 15:10:25,,,,,,,,,
api-auth,password_reset_request,,,,,,,2025-09-02 15:10:40,,,,,,john.smith@example.com,,,
auth-server,login_success,,,,203.0.113.10,,,2025-09-02 15:11:05,jane.doe,,,,,,,,
app-server,checkout_request,/api/v1/checkout,,,,200.0,,2025-09-02 15:11:22,,,,,,,,,INFO
auth-server,login_success,,,,203.0.113.10,,,2025-09-02 15:11:42,jane.doe,,,,,,,,
file-service,file_upload,,,,,,,2025-09-02 15:12:04,bob,,,profile.png,image/png,,,,
api-auth,password_reset_request,,,,,,,2025-09-02 15:12:23,,,,,,john.smith@example.com,,,
auth-server,jwt_refresh,,,,,,,2025-09-02 15:12:45,jane.doe,abcde12345,,,,,,,
auth-server,jwt_refresh,,,,,,,2025-09-02 15:13:04,jane.doe,abcde12345,,,,,,,
auth-server,login_success,,,,203.0.113.10,,,2025-09-02 15:13:21,jane.doe,,,,,,,,
auth-server,login_success,,,,203.0.113.10,,,2025-09-02 15:13:43,jane.doe,,,,,,,,
auth-server,login_success,,,,203.0.113.10,,,2025-09-02 15:14:05,jane.doe,,,,,,,,
app-server,checkout_request,/api/v1/checkout,,,,200.0,,2025-09-02 15:14:22,,,,,,,,,INFO
auth-server,login_success,,,,203.0.113.10,,,2025-09-02 15:14:42,jane.doe,,,,,,,,
api-gateway,api_request,/api/v1/products/456,GET,user123,203.0.113.50,200.0,45.0,2025-09-02 15:15:02,,,,,,,,,
api-auth,password_reset_request,,,,,,,2025-09-02 15:15:22,,,,,,john.smith@example.com,,,
app-server,checkout_request,/api/v1/checkout,,,,200.0,,2025-09-02 15:15:42,,,,,,,,,INFO
ci-cd-pipeline,code_deployment,,,,,,,2025-09-02 15:16:01,jane.doe,,abc123def,,,,,,
api-auth,password_reset_request,,,,,,,2025-09-02 15:16:20,,,,,,john.smith@example.com,,,
api-gateway,api_request,/api/v1/products/456,GET,user123,203.0.113.50,200.0,45.0,2025-09-02 15:16:45,,,,,,,,,
app-server,checkout_request,/api/v1/checkout,,,,200.0,,2025-09-02 15:17:02,,,,,,,,,INFO
auth-server,login_success,,,,203.0.113.10,,,2025-09-02 15:17:23,jane.doe,,,,,,,,
auth-server,login_success,,,,203.0.113.10,,,2025-09-02 15:17:45,jane.doe,,,,,,,,
ci-cd-pipeline,code_deployment,,,,,,,2025-09-02 15:18:03,jane.doe,,abc123def,,,,,,
api-gateway,api_request,/api/v1/products/456,GET,user123,203.0.113.50,200.0,45.0,2025-09-02 15:18:24,,,,,,,,,
api-auth,password_reset_request,,,,,,,2025-09-02 15:18:40,,,,,,john.smith@example.com,,,
api-gateway,api_request,/api/v1/products/456,GET,user123,203.0.113.50,200.0,45.0,2025-09-02 15:19:04,,,,,,,,,
db-monitor,query_executed,,,,,,,2025-09-02 15:19:20,,,,,,,SELECT * FROM products WHERE category = 'electronics',12.0,
file-service,file_upload,,,,,,,2025-09-02 15:19:45,bob,,,profile.png,image/png,,,,
ci-cd-pipeline,code_deployment,,,,,,,2025-09-02 15:20:03,jane.doe,,abc123def,,,,,,
db-monitor,query_executed,,,,,,,2025-09-02 15:20:23,,,,,,,SELECT * FROM products WHERE category = 'electronics',12.0,
file-service,file_upload,,,,,,,2025-09-02 15:20:43,bob,,,profile.png,image/png,,,,
file-service,file_upload,,,,,,,2025-09-02 15:21:05,bob,,,profile.png,image/png,,,,
auth-server,jwt_refresh,,,,,,,2025-09-02 15:21:24,jane.doe,abcde12345,,,,,,,
auth-server,jwt_refresh,,,,,,,2025-09-02 15:21:43,jane.doe,abcde12345,,,,,,,
auth-server,jwt_refresh,,,,,,,2025-09-02 15:22:03,jane.doe,abcde12345,,,,,,,
db-monitor,query_executed,,,,,,,2025-09-02 15:22:21,,,,,,,SELECT * FROM products WHERE category = 'electronics',12.0,
api-gateway,api_request,/api/v1/products/456,GET,user123,203.0.113.50,200.0,45.0,2025-09-02 15:22:43,,,,,,,,,
auth-server,login_success,,,,203.0.113.10,,,2025-09-02 15:23:05,jane.doe,,,,,,,,
db-monitor,query_executed,,,,,,,2025-09-02 15:23:24,,,,,,,SELECT * FROM products WHERE category = 'electronics',12.0,
ci-cd-pipeline,code_deployment,,,,,,,2025-09-02 15:23:42,jane.doe,,abc123def,,,,,,
file-service,file_upload,,,,,,,2025-09-02 15:24:02,bob,,,profile.png,image/png,,,,
api-gateway,api_request,/api/v1/products/456,GET,user123,203.0.113.50,200.0,45.0,2025-09-02 15:24:21,,,,,,,,,
auth-server,login_success,,,,203.0.113.10,,,2025-09-02 15:24:43,jane.doe,,,,,,,,
api-auth,password_reset_request,,,,,,,2025-09-02 15:25:01,,,,,,john.smith@example.com,,,
auth-server,login_success,,,,203.0.113.10,,,2025-09-02 15:25:25,jane.doe,,,,,,,,
file-service,file_upload,,,,,,,2025-09-02 15:25:45,bob,,,profile.png,image/png,,,,
db-monitor,query_executed,,,,,,,2025-09-02 15:26:01,,,,,,,SELECT * FROM products WHERE category = 'electronics',12.0,
auth-server,jwt_refresh,,,,,,,2025-09-02 15:26:20,jane.doe,abcde12345,,,,,,,
ci-cd-pipeline,code_deployment,,,,,,,2025-09-02 15:26:43,jane.doe,,abc123def,,,,,,
app-server,checkout_request,/api/v1/checkout,,,,200.0,,2025-09-02 15:27:03,,,,,,,,,INFO
api-auth,password_reset_request,,,,,,,2025-09-02 15:27:21,,,,,,john.smith@example.com,,,
auth-server,jwt_refresh,,,,,,,2025-09-02 15:27:43,jane.doe,abcde12345,,,,,,,
ci-cd-pipeline,code_deployment,,,,,,,2025-09-02 15:28:04,jane.doe,,abc123def,,,,,,
api-gateway,api_request,/api/v1/products/456,GET,user123,203.0.113.50,200.0,45.0,2025-09-02 15:28:24,,,,,,,,,
file-service,file_upload,,,,,,,2025-09-02 15:28:41,bob,,,profile.png,image/png,,,,
api-auth,password_reset_request,,,,,,,2025-09-02 15:29:05,,,,,,john.smith@example.com,,,
db-monitor,query_executed,,,,,,,2025-09-02 15:29:21,,,,,,,SELECT * FROM products WHERE category = 'electronics',12.0,
api-gateway,api_request,/api/v1/products/456,GET,user123,203.0.113.50,200.0,45.0,2025-09-02 15:29:45,,,,,,,,,
ci-cd-pipeline,code_deployment,,,,,,,2025-09-02 15:30:03,jane.doe,,abc123def,,,,,,
file-service,file_upload,,,,,,,2025-09-02 15:30:20,bob,,,profile.png,image/png,,,,
api-auth,password_reset_request,,,,,,,2025-09-02 15:30:41,,,,,,john.smith@example.com,,,
api-auth,password_reset_request,,,,,,,2025-09-02 15:31:00,,,,,,john.smith@example.com,,,
api-gateway,api_request,/api/v1/products/456,GET,user123,203.0.113.50,200.0,45.0,2025-09-02 15:31:23,,,,,,,,,
api-auth,password_reset_request,,,,,,,2025-09-02 15:31:40,,,,,,john.smith@example.com,,,
ci-cd-pipeline,code_deployment,,,,,,,2025-09-02 15:32:04,jane.doe,,abc123def,,,,,,
auth-server,login_success,,,,203.0.113.10,,,2025-09-02 15:32:25,jane.doe,,,,,,,,
app-server,checkout_request,/api/v1/checkout,,,,200.0,,2025-09-02 15:32:40,,,,,,,,,INFO
app-server,checkout_request,/api/v1/checkout,,,,200.0,,2025-09-02 15:33:02,,,,,,,,,INFO
